Signature,NamePKO,Country,Year,Date,Mandate_Renewal,Mandate_MinorAdjustment,Mandate_CompleteAdjustment,DisarmDemob_Monitor,DisarmDemob_Assist,DisarmDemob_Security,DisarmDemob_Encouraged,Reintegration_Monitor,Reintegration_Assist,Reintegration_Security,Reintegration_Encouraged,ControlSALW_Monitor,ControlSALW_Assist,ControlSALW_Security,ControlSALW_Encouraged,Demil_Monitor,Demil_Assist,Demil_Security,Demil_Encouraged,ArmsEmbargo_Monitor,ArmsEmbargo_Assist,ArmsEmbargo_Security,ArmsEmbargo_Encouraged,CivProtect_Monitor,CivProtect_Assist,CivProtect_Security,CivProtect_Encouraged,HumanRights_Monitor,HumanRights_Assist,HumanRights_Security,HumanRights_Encouraged,ChildRights_Monitor,ChildRights_Assist,ChildRights_Security,ChildRights_Encouraged,SGBViolence_Monitor,SGBViolence_Assist,SGBViolence_Security,SGBViolence_Encouraged,PoliceReform_Monitor,PoliceReform_Assist,PoliceReform_Security,PoliceReform_Encouraged,MilitaryReform_Monitor,MilitaryReform_Assist,MilitaryReform_Security,MilitaryReform_Encouraged,OffensOper_Monitor,OffensOper_Assist,OffensOper_Security,OffensOper_Encouraged,JusticeReform_Monitor,JusticeReform_Assist,JusticeReform_Security,JusticeReform_Encouraged,TransJustice_Monitor,TransJustice_Assist,TransJustice_Security,TransJustice_Encouraged,CorrectionsReform_Monitor,CorrectionsReform_Assist,CorrectionsReform_Security,CorrectionsReform_Encouraged,BorderControl_Monitor,BorderControl_Assist,BorderControl_Security,BorderControl_Encouraged,Demining_Monitor,Demining_Assist,Demining_Security,Demining_Encouraged,Resources_Monitor,Resources_Assist,Resources_Security,Resources_Encouraged,StateAuthority_Monitor,StateAuthority_Assist,StateAuthority_Security,StateAuthority_Encouraged,Democratization_Monitor,Democratization_Assist,Democratization_Security,Democratization_Encouraged,ElectSec_Monitor,ElectSec_Assist,ElectSec_Security,ElectSec_Encouraged,ElectAssist_Monitor,ElectAssist_Assist,ElectAssist_Security,ElectAssist_Encouraged,VoterEducation_Monitor,VoterEducation_Assist,VoterEducation_Security,VoterEducation_Encouraged,PartyAssistance_Monitor,PartyAssistance_Assist,PartyAssistance_Security,PartyAssistance_Encouraged,CivilSociety_Monitor,CivilSociety_Assist,CivilSociety_Security,CivilSociety_Encouraged,Media_Monitor,Media_Assist,Media_Security,Media_Encouraged,PublicInfo_Monitor,PublicInfo_Assist,PublicInfo_Security,PublicInfo_Encouraged,PowerSharing_Monitor,PowerSharing_Assist,PowerSharing_Security,PowerSharing_Encouraged,Reconcil_Monitor,Reconcil_Assist,Reconcil_Security,Reconcil_Encouraged,LocalReconcil_Monitor,LocalReconcil_Assist,LocalReconcil_Security,LocalReconcil_Encouraged,RegReconcil_Monitor,RegReconcil_Assist,RegReconcil_Security,RegReconcil_Encouraged,EcDevelop_Monitor,EcDevelop_Assist,EcDevelop_Security,EcDevelop_Encouraged,HumanRelief_Monitor,HumanRelief_Assist,HumanRelief_Security,HumanRelief_Encouraged,PublicHealth_Monitor,PublicHealth_Assist,PublicHealth_Security,PublicHealth_Encouraged,RefugeesIDPs_Monitor,RefugeesIDPs_Assist,RefugeesIDPs_Security,RefugeesIDPs_Encouraged,Gender_Monitor,Gender_Assist,Gender_Security,Gender_Encouraged,LegalReform_Monitor,LegalReform_Assist,LegalReform_Security,LegalReform_Encouraged,Ceasefire_Monitor,Ceasefire_Assist,Ceasefire_Security,Ceasefire_Encouraged,PeaceProcess_Monitor,PeaceProcess_Assist,PeaceProcess_Security,PeaceProcess_Encouraged,CulturalHeritage_Monitor,CulturalHeritage_Assist,CulturalHeritage_Security,CulturalHeritage_Encouraged,UseOfForce
S/RES/1990,UNISFA,Abyei,2011,27/06/2011,0,0,0,,,,,,,,,,,,,2a,,,,,,,,,,3d,,,,,,,,,,,,,,2e,,,,,,,,,,,,,,,,,,,,,,,,,,,,,2c,,,,,2f,,,,,,,,,,,,,,,,,,,,,,,,,,,,,,,,,,,,,,,,,,,,,,,,,,,,,,,,,,,2d,3c,,,,,,,,,,,,,,,,,,,,,,,,,,,,,,3
S/RES/2024,UNISFA,Abyei,2011,14/12/2011,1,1,0,,,,,,,,,"1b, 1c","1b, 1d",,,,1a,,,,,,,,,,,,,,,,,,,,,,,,,,,,,,,,,,,,,,,,,,,,,,,,1f,,,,,,,,,,,,,,,,,,,,,,,,,,,,,,,,,,,,,,,,,,,,,,,,,,,,,,,,,,,,1g,,,,,,,,,,,,,,,,,,,,,,,,,,,,,,,,,,,,,,,
S/RES/2047,UNISFA,Abyei,2012,17/05/2012,1,0,0,,,,,,,,,,,,,,,,,,,,,,,,,,,,,,,,,,,,,,,,,,,,,,,,,,,,,,,,,,,,,,,,,,,,,,,,,,,,,,,,,,,,,,,,,,,,,,,,,,,,,,,,,,,,,,,,,,,,,,,,,,,,,,,,,,,,,,,,,,,,,,,,,,,,,,,,,,,,,,,,,
S/RES/2075,UNISFA,Abyei,2012,16/11/2012,1,1,0,,,,,,,,,,,,,,,,,,,,,,,,,,,,,,,,,,,,,,,,,,,,,,,,,,,,,,,,,,,,,,,,,,,,,,,,,,,,,,,,,,,,,,,,,,,,,,,,,,,,,,,,,,,,,,,,,,,,,,,,,,,,,,,,,,,,,,,,,,,,p.3,,,,,,,,,,,,,,,,,,,,,
S/RES/2104,UNISFA,Abyei,2013,29/05/2013,1,1,0,,,,,,,,,,,,,,10,,,,,,,,,,,,,,,,,,,,,,,,,,,,,,,,,,,,,,,,,,,,,,,,1,,,,,,,,,,,,,,,,,,,,,,,,,,,,,,,,,,,,,,,,,,,,,,,,,,,,,,,,,,,,,,,,,,,,,,,,,,,,,,p.3,,,,,,,,,,,,,,,,,,,,,
S/RES/2126,UNISFA,Abyei,2013,25/11/2013,1,1,0,,,,,,,,,10,,,,10,12,,,,,,,,,,,,,,,,,,,,,,,,,,,,,,,,,,,,,,,,,,,,,,,,1,,,,,,,,,,,,,,,,,,,,,,,,,,,,,,,,,,,,,,,,,,,,,,,,,,,,,,,,,,,,,,,,,,,,,,,,,,,,,,p.4,,,,,,,,,,,,,,,,,,,,,
S/RES/2156,UNISFA,Abyei,2014,29/05/2014,1,1,0,,,,,,,,,11,,,,11,13,,,,,,,,,,,,,,,,,,,,,,,,,,,,,,,,,,,,,,,,,,,,,,,,"1, 5",,,,,,,,,,,,,,,,,,,,,,,,,,,,,,,,,,,,,,,,,,,,,,,,,,,,,,,,12,,,,,,,,,,,,,,,,,,,,,,p.3,,,,,,,,,,,,,,,,,,,,,
S/RES/2179,UNISFA,Abyei,2015,14/10/2014,1,1,0,,,,,,,,,11,,,,11,13,,,,,,,,,,,,,,,,,,,,,,,,,,,,,,,,,,,,,,,,,,,,,,,,"1, 5",,,,,,,,,,,,,,,,,,,,,,,,,,,,,,,,,,,,,,,,,,,,,,,,,,,,,,,,12,,,,,,,,,,,,,,,,,,,,,,p.3,,,,,,,,,,,,,,,,,,,,,
S/RES/2205,UNISFA,Abyei,2015,26/02/2015,1,1,0,,,,,,,,,12,12,,,"12, 13","12, 13",,,,,,,,,,,,,,,,,,,,,,,,,,,,,,,,,,,,,,,,,,,,,,,,"1, 6",,,,,,,,,,,,,,,,,,,,,,,,,,,,,,,,,,,,,,,,,,,,,,,,,,,,,,,,14,,,,,,,,,,,,,,,,,,,,,,p.3,,,,,,,,,,,,,,,,,,,,,
S/RES/2251,UNISFA,Abyei,2015,15/12/2015,1,1,0,,,,,,,,,12,12,,,"12, 13","12, 13",,,,,,,,,,,,,,,,,,,,,,,,,,,,,,,,,,,,,,,,,,,,,,,,"1, 6",,,,,,,,,,,,,,,,,,,,,,,,,,,,,,,,,,,,,,,,,,,,,,,,,,,,,,,,14,,,,,,,,,,,,,,,,,,,,,,p.4,,,,,,,,,,,,,,,,,,,,,
S/RES/2318,UNISFA,Abyei,2016,15/11/2016,1,1,0,,,,,,,,,12,12,p.4,,"12, 13","12, 13",,,,,,,,,,,,,,,,,,,,,,,,,,,,,,,,,,,,,,,,,,,,,,,,"1, 6",,,,,,,,,,,,,,,,,,,,,,,,,,,,,,,,,,,,,,,,,,,,,,,,,,,,,,,,14,,,,,,,,,,,,,,,,,,,,,,p.4,,,,,,,,,,,,,,,,,,,,,
S/RES/2352,UNISFA,Abyei,2017,15/05/2017,1,1,0,,,,,,,,,14,14,p.4,,14,"14, 15",,,,,,,,,,,,,,,,,,29,,,,29,,,,,,,,,,,,,,,,,,,,,,,,,,1,,,,,,,,,,,,,,,,,,,,,,,,,,,,,,,,,,,,,,,,,,,,,,,,,,,,,,,,16,,,,,,,,,,,,,,,,,,,,,,p. 4,,,,,,,,,,,,,,,,,,,,,
S/RES/2386,UNISFA,Abyei,2017,15/11/2017,1,1,0,,,,,,,,,14,14,p.4,,14,"14, 15",,,,,,,,,,,,,,,,,,29,,,,29,,,,,,,,,,,,,,,,,,,,,,,,,,9,,,,,,,,,,,,,,,,,,,,,,,,,,,,,,,,,,,,,,,,,,,,,,,,,,,,,,,,16,,,,9,,,,,,,,,,,,,,,,,,p.4,,,,,,,,,,,,,,,,,,,,,
S/RES/696,UNAVEM II,Angola,1991,30/05/1991,0,0,0,,,,,,,,,,,,,"3, 8",9,,,,,,,,,,,,,,,,,,,,,,,,,,,,,,,,,,,,,,,,,,,,,,,,,,,,,,,,,,,,,,,,,,,,,,,,,,,,,,,,,,,,,,,,,,,,,,,,,,,,,,,,,,,,,,,,,,,,,,,,,,,,,,,,,,,,,,,,,,,,,,,,,,,
S/RES/747,UNAVEM II,Angola,1992,24/03/1992,0,0,1,,,,,,,,,,,,,,,,,,,,,,,,,,,,,,,,,,,,,,,,,,,,,,,,,,,,,,,,,,,,,,,,,,,,,,,,,,,,,,,,,,,,,"1, 4",4,,,4,,,,4,,,,,,,,4,,,,,,,,,,,,,,,,,,,,,,,,,,,,,,,,,,,,,,,,,,,,,,,,,,,,,,,,,,,,
S/RES/785,UNAVEM II,Angola,1992,30/10/1992,1,0,0,,,,,,,,,,,,,,,,,,,,,,,,,,,,,,,,,,,,,,,,,,,,,,,,,,,,,,,,,,,,,,,,,,,,,,,,,,,,,,,,,,,,,,,,,,,,,,,,,,,,,,,,,,,,,,,,,,,,,,,,,,,,,,,,,,,,,,,,,,,,,,,,,,,,,,,,,,,,,,,,,
S/RES/793,UNAVEM II,Angola,1992,30/11/1992,1,0,0,,,,,,,,,,,,,,,,,,,,,,,,,,,,,,,,,,,,,,,,,,,,,,,,,,,,,,,,,,,,,,,,,,,,,,,,,,,,,,,,,,,,,,,,,,,,,,,,,,,,,,,,,,,,,,,,,,,,,,,,,,,,,,,,,,,,,,,,,,,,,,,,,,,,,,,,,,,,,,,,,
S/RES/804,UNAVEM II,Angola,1992,29/01/1993,1,0,0,,,,,,,,,,,,,,,,,,,,,,,,,,,,,,,,,,,,,,,,,,,,,,,,,,,,,,,,,,,,,,,,,,,,,,,,,,,,,,,,,,,,,,,,,,,,,,,,,,,,,,,,,,,,,,,,,,,,,,,,,,,,,,,,,,,,,,,,,,,,,,,,,,,,,,,,,,,,,,,,,
S/RES/811,UNAVEM II,Angola,1993,12/03/1993,1,1,0,,,,,,,,,,,,,,,,,,,,,,,,,,,,,,,,,,,,,,,,,,,,,,,,,,,,,,,,,,,,,,,,,,,,,,,,,,,,,,,,,,,,,,,,,,,,,,,,,,,,,,,,,,,,,,,,,,,,,,,,,,,,,,,,,,,,10,,,,,,,,,,,,,,,,,,14,,,,"3, 14",,,,,,,
S/RES/823,UNAVEM II,Angola,1993,30/04/1993,1,0,0,,,,,,,,,,,,,,,,,,,,,,,,,,,,,,,,,,,,,,,,,,,,,,,,,,,,,,,,,,,,,,,,,,,,,,,,,,,,,,,,,,,,,,,,,,,,,,,,,,,,,,,,,,,,,,,,,,,,,,,,,,,,,,,,,,,,,,,,,,,,,,,,,,,,,,,,,,,,,,,,,
S/RES/834,UNAVEM II,Angola,1993,01/06/1993,1,1,0,,,,,,,,,,,,,,,,,,,,,,,,,,,,,,,,,,,,,,,,,,,,,,,,,,,,,,,,,,,,,,,,,,,,,,,,,,,,,,,,,,,,,,,,,,,,,,,,,,,,,,,,,,,,,,,,,,,,,,,,,,,,,,,,,,,,,,,,,,,,,,,,,,,,,,"1, 2",,,,"1, 2",,,,,,,
S/RES/851,UNAVEM II,Angola,1993,15/07/1993,1,1,0,,,,,,,,,,,,,,,,,,,,,,,,,,,,,,,,,,,,,,,,,,,,,,,,,,,,,,,,,,,,,,,,,,,,,,,,,,,,,,,,,,,,,,,,,,,,,,,,,,,,,,,,,,,,,,,,,,,,,,,,,,,,,,,,,,,,16,,,,,,,,,,,,,,,,,,,,,,,,,,,,,
S/RES/864,UNAVEM II,Angola,1993,15/09/1993,1,0,0,,,,,,,,,,,,,,,,,,,,,,,,,,,,,,,,,,,,,,,,,,,,,,,,,,,,,,,,,,,,,,,,,,,,,,,,,,,,,,,,,,,,,,,,,,,,,,,,,,,,,,,,,,,,,,,,,,,,,,,,,,,,,,,,,,,,,,,,,,,,,,,,,,,,,,,,,,,,,,,,,
S/RES/890,UNAVEM II,Angola,1993,15/12/1993,1,0,0,,,,,,,,,,,,,,,,,,,,,,,,,,,,,,,,,,,,,,,,,,,,,,,,,,,,,,,,,,,,,,,,,,,,,,,,,,,,,,,,,,,,,,,,,,,,,,,,,,,,,,,,,,,,,,,,,,,,,,,,,,,,,,,,,,,,,,,,,,,,,,,,,,,,,,,,,,,,,,,,,
S/RES/903,UNAVEM II,Angola,1994,16/03/1994,1,0,0,,,,,,,,,,,,,,,,,,,,,,,,,,,,,,,,,,,,,,,,,,,,,,,,,,,,,,,,,,,,,,,,,,,,,,,,,,,,,,,,,,,,,,,,,,,,,,,,,,,,,,,,,,,,,,,,,,,,,,,,,,,,,,,,,,,,,,,,,,,,,,,,,,,,,,,,,,,,,,,,,
S/RES/922,UNAVEM II,Angola,1994,31/05/1994,1,0,0,,,,,,,,,,,,,,,,,,,,,,,,,,,,,,,,,,,,,,,,,,,,,,,,,,,,,,,,,,,,,,,,,,,,,,,,,,,,,,,,,,,,,,,,,,,,,,,,,,,,,,,,,,,,,,,,,,,,,,,,,,,,,,,,,,,,,,,,,,,,,,,,,,,,,,,,,,,,p1,,,,,
S/RES/932,UNAVEM II,Angola,1994,30/06/1994,1,0,0,,,,,,,,,,,,,,,,,,,,,,,,,,,,,,,,,,,,,,,,,,,,,,,,,,,,,,,,,,,,,,,,,,,,,,,,,,,,,,,,,,,,,,,,,,,,,,,,,,,,,,,,,,,,,,,,,,,,,,,,,,,,,,,,,,,,,,,,,,,,,,,,,,,,,,,,,,,,p2,,,,,
S/RES/945,UNAVEM II,Angola,1994,29/09/1994,1,0,0,,,,,,,,,,,,,,,,,,,,,,,,,,,,,,,,,,,,,,,,,,,,,,,,,,,,,,,,,,,,,,,,,,,,,,,,,,,,,,,,,,,,,,,,,,,,,,,,,,,,,,,,,,,,,,,,,,,,,,,,,,,,,,,,,,,,,,,,,,,,,,,,,,,,,,,,,,,,p1,,,,,
S/RES/952,UNAVEM II,Angola,1994,27/10/1994,1,0,0,,,,,,,,,,,,,,,,,,,,,,,,,,,,,,,,,,,,,,,,,,,,,,,,,,,,,,,,,,,,,,,,,,,,,,,,,,,,,,,,,,,,,,,,,,,,,,,,,,,,,,,,,,,,,,,,,,,,,,,,,,,,,,,,,,,,,,,,,,,,,,,,,,,,,,,,,,,,p1,,,,,
S/RES/966,UNAVEM II,Angola,1994,08/12/1994,1,1,0,,,,,,,,,,,,,,,,,,,,,,,,,,,,,,,,,,,,,,,,,,,,,,,,,,,,,,,,,,,,,,,,,,,,,,,,,,,,,,,,,,,,,,,,,,,,,,,,,,,,,,,,,,,,,,,,,,,,,,,,,,,,,,,,,,,,,,,,,,,,,,,,,,,,,2,,,,,,,p1,,,,,
S/RES/976,UNAVEM III,Angola,1995,08/02/1995,0,0,1,,,,,,,,,,,,,,,,,,,,,,,,,,,,,,,,,,,,,,,,,,,,,,,,,,,,,,,,,,,,,,,,,,5,,,,,,,,,,,,,,,,,,,,,,,,,,,,,,,,,,,,,,,,,,,,,,,,1,,,,,,,,,,,,,,,,,,,,,,,,,,,,,,,,,,,2,,,,,,,,,,,,
S/RES/1008,UNAVEM III,Angola,1995,07/08/1995,1,1,0,,,,,,,,,,,,,,4,,,,,,,,,,,,16,,,,,,,,,,,,,,,,,,,,,,,,,,,,,,,,,,,,,,,,4,,,,,,,,,,,,,,,,,,,,,,,,,,,,,,,,,,,,,,,,,,13,,,,,,,,,,,,,,,,,,,,,,,,,,,,,,,,,,,,,,,,,,,,,,,,,,,,,
S/RES/1045,UNAVEM III,Angola,1996,08/02/1996,1,1,0,,,,,,,,,,,,,,7,,,,,,,,,,,,,,,,,,,,,,,,,,,,,,,,,,,,,,,,,,,,,,,,,,,,,,,,,,,,,,,,,,,,,,,,,,,,,,,,,,,,,,,,,,,,,,14,,,,,,,,,,,,,,,,,,,,,,,,,,,,,,,,,,,,,,,,,,,,,,,,,,,,,
S/RES/1055,UNAVEM III,Angola,1996,08/05/1996,1,1,0,,,,,,,,,,,,,14,6,,,,,,,,,,,,,,,,,,,,,,,,,,,,,,,,,,,,,,,,,,,,,,,,,,,,,,,,,,,,,,,,,,,,,,,,,,,,,,,,,,,,,,,,,,,,,,,,,,,,,,,,,,,,,,,,,,,,,,,,,,,,,,,,,,,,,,,,,,,,,,,,,,,
S/RES/1064,UNAVEM III,Angola,1996,11/07/1996,1,1,0,,,,,,,,,,,,,,"6, 9",,,,,,,,,,,,,,,,,,,,,,,,,,,,,,,,,,,,,,,,,,,,,,,,,,,,,,,,,,,,,,,,,,,,,,,,,,,,,,,,,,,,,,,,,,,,,,,,,,,,,,,,,,,,,,,,,,,,,,,,,,,,,,,,,,,,,,,,,,,,,,,,,,,
S/RES/1075,UNAVEM III,Angola,1996,11/10/1996,1,1,0,,,,,,,,,,,,,,,,,,,,,,,,,,,,,,,,,,,,,,,,,,,,,,,,,,,,,,,,,,,,,,,,,,,,,,,,,,12f,,,,,,,,,,,,,,,,,,,,,,,,,,,,,,,,,,,,,,,,,,,,,,,,,,,,,,,,,,,,,,,,,,,,,,,,,,,,,,,,,,,,,,,
S/RES/1087,UNAVEM III,Angola,1996,11/12/1996,1,1,0,,,,,,,,,,,,,,,,,,,,,,,,,,,,,,,,,,,,,8,,,,,,,,,,,,,,,,,,,,,,,,,,,,17,,,,,,,,8,,,,,,,,,,,,,,,,,,,,,,,,,,,,,,,,,,,,,,,,,,,,,,,,,,,,,,,,,,,,,,,,,,,,,,,,,,,,,,,,,,,,,,,,
S/RES/1098,UNAVEM III,Angola,1997,27/02/1997,1,0,0,,,,,,,,,,,,,,,,,,,,,,,,,,,,,,,,,,,,,,,,,,,,,,,,,,,,,,,,,,,,,,,,,,,,,,,,,,,,,,,,,,,,,,,,,,,,,,,,,,,,,,,,,,,,,,,,,,,,,,,,,,,,,,,,,,,,,,,,,,,,,,,,,,,,,,,,,,,,,,,,,
S/RES/1102,UNAVEM III,Angola,1997,31/03/1997,1,0,0,,,,,,,,,,,,,,,,,,,,,,,,,,,,,,,,,,,,,,,,,,,,,,,,,,,,,,,,,,,,,,,,,,,,,,,,,,,,,,,,,,,,,,,,,,,,,,,,,,,,,,,,,,,,,,,,,,,,,,,,,,,,,,,,,,,,,,,,,,,,,,,,,,,,,,,,,,,,,,,,,
S/RES/1106,UNAVEM III,Angola,1997,16/04/1997,1,0,0,,,,,,,,,,,,,,,,,,,,,,,,,,,,,,,,,,,,,,,,,,,,,,,,,,,,,,,,,,,,,,,,,,,,,,,,,,,,,,,,,,,,,,,,,,,,,,,,,,,,,,,,,,,,,,,,,,,,,,,,,,,,,,,,,,,,,,,,,,,,,,,,,,,,,,,,,,,,,,,,,
S/RES/1118,MONUA,Angola,1997,30/06/1997,0,0,0,,,,,,,,,,,,,,,,,,,,,,,,,,,,,,,,,,,,,,,,,,,,,,,,,,,,,,,,,,,,,,,,,,,,,,,,,,,,,,,,,,,,,,,,,,,,,,,,,,,,,,,,,,,,,,,,,,,,,,,,,,,,,,,,,,,,,,,,,,,,,,,,,,,,,,,,,,,,,,,,,
S/RES/1135,MONUA,Angola,1997,29/10/1997,1,0,0,,,,,,,,,,,,,,,,,,,,,,,,,,,,,,,,,,,,,,,,,,,,,,,,,,,,,,,,,,,,,,,,,,,,,,,,,,,,,,,,,,,,,,,,,,,,,,,,,,,,,,,,,,,,,,,,,,,,,,,,,,,,,,,,,,,,,,,,,,,,,,,,,,,,,,,,,,,,,,,,,
S/RES/1149,MONUA,Angola,1998,27/01/1998,1,0,1,,,,,,,,,,,,,,,,,,,,,,,,,,,,,,,,,,,,,,5,,,,5,,,,,,,,,,,,,,,,,,,,,,,,,,,,,,,,,,,,,,,,,,,,,,,,,,,,,,,,,,,,,,,,,,,,,,,,,,,,,,,,,,,,,,,,,,,,,,,,,,,,,,,,,,,,,,,,,,,,,,,
S/RES/1157,MONUA,Angola,1998,20/03/1998,1,0,0,,,,,,,,,,,,,,,,,,,,,,,,,,,,,,,,,,,,,,,,,,,,,,,,,,,,,,,,,,,,,,,,,,,,,,,,,,,,,,,,,,,,,,,,,,,,,,,,,,,,,,,,,,,,,,,,,,,,,,,,,,,,,,,,,,,,,,,,,,,,,,,,,,,,,,,,,,,,,,,,,
S/RES/1164,MONUA,Angola,1998,29/04/1998,1,0,0,,,,,,,,,,,,,,,,,,,,,,,,,,,,,,,,,,,,,,,,,,,,,,,,,,,,,,,,,,,,,,,,,,,,,,,,,,,,,,,,,,,,,,,,,,,,,,,,,,,,,,,,,,,,,,,,,,,,,,,,,,,,,,,,,,,,,,,,,,,,,,,,,,,,,,,,,,,,,,,,,
S/RES/1173,MONUA,Angola,1998,12/06/1998,1,1,0,,,,,,,,,,,,,4,,,,,,,,,,,,,,,,,,,,,,,,,,,,,,,,,,,,,,,,,,,,,,,,,,,,,,,,,,,,,10,,,,,,,,,,,,,,,,,,,,,,,,,,,,,,,,,,,,,,,,,,,,,,,,,,,,,,,,,,,,,,,,,,,,,,,,,,,,,,,,,,,,,,,
S/RES/1180,MONUA,Angola,1998,29/06/1998,1,1,0,,,,,,,,,,,,,6,,,,,,,,,,,,,,,,,,,,,,,,,,,,,,,,,,,,,,,,,,,,,,,,,,,,,,,,,,,,,,,,,,,,,,,,,,,,,,,,,,,,,,,,,,,,,,,,,,,,,,,,,,,,,,,,,,,,,,,,,,,,,,,,,,,,,,,,,,,,,,,,,,,,
S/RES/1190,MONUA,Angola,1998,13/08/1998,1,0,0,,,,,,,,,,,,,,,,,,,,,,,,,,,,,,,,,,,,,,,,,,,,,,,,,,,,,,,,,,,,,,,,,,,,,,,,,,,,,,,,,,,,,,,,,,,,,,,,,,,,,,,,,,,,,,,,,,,,,,,,,,,,,,,,,,,,,,,,,,,,,,,,,,,,,,,,,,,,,,,,,
S/RES/1195,MONUA,Angola,1998,15/09/1998,1,1,0,,,,,,,,,,,,,,,,,,,,,,,,,,,,,,,,,,,,,,,,,,,,,,,,,,,,,,,,,,,,,,,,,,,,,,,,,,,,,,,,,,,,,,,,,,,,,,,,,,,,,,,,,,,,,,,,,,,,,,,,,,,,,,,,,,,,,,,,,,,,,,,,,,,,,,,,,,7,,,,,,,
S/RES/1202,MONUA,Angola,1998,15/10/1998,1,1,0,,,,,,,,,,,,,,,,,,,,,,,,,,,,,,,,,,,,,,,,,,,,,,,,,,,,,,,,,,,,,,,,,,,,,,,,,,,,,,,,,,,,,,,,,,,,,,,,,,,,,,,,,,,,,,,,,,,,,,,,,,,,,,,,,,,,,,,,,,,,,,,,,,,,,,,,,,"6, 8",,9,,,,,
S/RES/1213,MONUA,Angola,1998,03/12/1998,1,1,0,,,,,,,,,,,,,,,,,,,,,,,,,,,,,,,,,,,,,,,,,,,,,,,,,,,,,,,,,,,,,,,,,,,,,,,,,,,,,,,,,,,,,,,,,,,,,,,,,,,,,,,,,,,,,,,,,,,,,,,,,,,,,,,,,,,,,,,,,,,,,,,,,,,,,,,,,,"4, 5",,,,,,,
S/RES/1219,MONUA,Angola,1998,31/12/1998,,,,,,,,,,,,,,,,,,,,,,,,,,,,,,,,,,,,,,,,,,,,,,,,,,,,,,,,,,,,,,,,,,,,,,,,,,,,,,,,,,,,,,,,,,,,,,,,,,,,,,,,,,,,,,,,,,,,,,,,,,,,,,,,,,,,,,,,,,,,,,,,,,,,,,,,,,,,,,,,,,,,
S/RES/1229,MONUA,Angola,1999,26/02/1999,1,1,0,,,,,,,,,,,,,,,,,,,,,,,,,,4,,,,,,,,,,,,,,,,,,,,,,,,,,,,,,,,,,,,,,,,,,,,,,,,,,,,,,,,,,,,,,,,,,,,,,,,,,,,,,,,,,,,,,,,,,,,,,,,,,,,,,,,,,,,,,,,,,,,,,,,,,,,,,,,,,,,,,,
S/RES/1545,ONUB,Burundi,2004,21/05/2004,0,0,1,5,"5, 7",5,,,7,,,5,5,,5,,,,,,,,,,,5,,6,6,,,,"6, 7, 8",,,,,,,6,"6, 7",,,,6,,,,,,,,"6, 7",,,,,,,,,,,6,,,,,5,,,,,,,,7,,,,,,,,,5,,,6,,,,,,,,,,,,,,,,,,,,,,14,,,,,,,,,,,,,,,,,,,,,,,5,,,,,,6,5,,,,8,,,,,,,5,,,,,,,,,,,,5
S/RES/1577,ONUB,Burundi,2004,01/12/2004,1,1,0,,,,,,,,,,,,,,,,,,,,,,,4,,4,2,,,,,,,,,,,,,,,,,,,,,,,,,,,,,,,,,,,,,,,,,,,,,,,,,,,,,,,,,,,,,,,,,,,,,,,,,,,,,,,,,,,,,,,,,,,,,,,,,,,,,,,,,,,,,,,,,,,,,,,,,,,,,,,,,,,,,,,
S/RES/1602,ONUB,Burundi,2005,31/05/2005,1,1,0,,,,,,,,,,,,,,,,,,,,,,,,,,,,,,,,,,,,,,,,,,,,,,,,,,,,,,,,,,,,,,,,,,,,,,,,,,,,,,,,,,,,,,,,,,,,,,,,,,,,,,,,,,,,,,,,,,,,,,,,,,,,,,,,,,,,,,,,,,,,,,p.2,,,,,,,,,,,,,,,,,,,
S/RES/1641,ONUB,Burundi,2005,30/11/2005,1,0,0,,,,,,,,,,,,,,,,,,,,,,,,,,,,,,,,,,,,,,,,,,,,,,,,,,,,,,,,,,,,,,,,,,,,,,,,,,,,,,,,,,,,,,,,,,,,,,,,,,,,,,,,,,,,,,,,,,,,,,,,,,,,,,,,,,,,,,,,,,,,,,,,,,,,,,,,,,,,,,,,,
S/RES/1650,ONUB,Burundi,2005,21/12/2005,1,0,0,,,,,,,,,,,,,,,,,,,,,,,,,,,,,,,,,,,,,,,,,,,,,,,,,,,,,,,,,,,,,,,,,,,,,,,,,,,,,,,,,,,,,,,,,,,,,,,,,,,,,,,,,,,,,,,,,,,,,,,,,,,,,,,,,,,,,,,,,,,,,,,,,,,,,,,,,,,,,,,,,
S/RES/1692,ONUB,Burundi,2006,30/06/2006,1,0,0,,,,,,,,,,,,,,,,,,,,,,,,,,,,,,,,,,,,,,,,,,,,,,,,,,,,,,,,,,,,,,,,,,,,,,,,,,,,,,,,,,,,,,,,,,,,,,,,,,,,,,,,,,,,,,,,,,,,,,,,,,,,,,,,,,,,,,,,,,,,,,,,,,,,,,,,,,,,,,,,,
S/RES/1159,MINURCA,Central African Republic,1998,27/03/1998,0,0,1,10c,10c,,,,,,,,,,,,,,,,,,,,,,,,,,,,,,,,,,,,10e,,,,,,,,,,,,,,,,,,,,,,,,,,,,,,,,,,,,,,,,,,,,,,,,10f,,,,,,,,14d,,,,,,,,,,,,,,,,,,,,14a,,,,,,,,,,,,,,,,,,,,,,,,,,,,,,,,,,,,,,,,,,,,,,,
S/RES/1182,MINURCA,Central African Republic,1998,14/07/1998,1,1,0,,,,,,,,,,,,,,,,,,,,,,,,,,,,,,,,,,,,,,,,,,,,,,,,,,,,,,,,,,,,,,,,,,,,,,,,,,,,,,,,,,,,,,,,,,,,,,,,,,,,,,,,,,,,,,,,,,,,,,,,,,,,,,,,,,,,,,,,,,,,,,,,,,,,,,,,,,,,,,,,,
S/RES/1201,MINURCA,Central African Republic,1998,15/10/1998,1,1,0,,,,,,,,,,,,,,,,,,,,,,,,,,,,,,,,,,,,,,,,,,,,,,,,,,,,,,,,,,,,,,,,,,,,,,,,,,,,,,,,,,2c,,,2b,"2, 2a",,,,,,,,,,,,,,,,,,,,,,,,,,,,,,,,,,,,,,,,,,,,,,,,,,,,,,,,,,,,,,,,,,,,,,,,,,,
S/RES/1230,MINURCA,Central African Republic,1999,26/02/1999,1,1,0,,12c,,,,12c,,,,10,,,,,,,,,,,,,,,,,,,,,,,,,,,,,,,,"12a, 12d",,,,,,,,,,,,,,,,,,,,,,,,,,,,,,,,,,,,,,,,"11, 9",,,9,9,,,,,,,,,,,,,,,,,,,,,,,,,,,,,,,,,,,,,,,,,,,,,,,,,,,,,,,,,,,,12a,,,,,,,,,,,,,,,
S/RES/1271,MINURCA,Central African Republic,1999,22/10/1999,1,1,0,,,,,,,,,,,,,,,,,,,,,,,,,,,,,,,,,,,,,,,,,,5,,,,,,,,,,,,,,,,,,,,,,,,,,,,,,,,,,,,,,,,,,,,,,,,,,,,,,,,,,,,,,,,,,,,,,,,,,,,,,,,,,,,,,,,,,,,,,,,,,,,,,,,,,,,,,,,,,,,,,,
S/RES/2149,MINUSCA,Central African Republic,2014,10/04/2014,0,0,0,,30g,,,,30g,,,,,,,,,,,"31c, 31d",31e,,,,,"30a(i), 30a(vi)",,"30e(i), 50","30e(iv), 30f(ii)",,,"30e(ii), 30g(ii)","30e(ii), 30g, 34",30a(ii),,30e(ii),30e(ii),,,,"30f(iii), 31a",,,,"30f(iii), 31a",,,,,,,,30f(ii),,,,"30b(iv), 30f(i)",,,,30f(iii),,,,,,,,,,,,31d,,,,"30b, 30b(vi)",30b(ii),,,,,,,,,,,"30b(i), 30b(v)",,,,,,,,,,,,,,,,,,,,,,,,,,,,"30b(iv), 30f(ii)",,,,,,,,,,,,,,,,,30c,,,,,,,,30c,,,"30b(iv),  30b(v), 35",,,,,,,,,,,,,,,,,,,"29, 40"
S/RES/2217,MINUSCA,Central African Republic,2015,28/04/2015,1,1,0,,"32h(i), 32h(iv)",,,,32h(ii),,,,"32b(viii),  32h(iv), 37",,,,,,,,"34b, 34d",,,32a(iii),,"32a(i), 32a(iv)",,32e(i),"32e(i), 32e(iv), 33a(i)",,,32e(ii),"32e(ii), 32h(i), 39",32a(ii),,32e(ii),32e(ii),32a(ii),,,"33a(ii), 33b(i), 33b(ii)",,,,"33b(i), 33b(ii)",,,,,"32b(viii), 32f(i)",,,"33a(i), 33a(ii)",,,,"32g(i),32g(ii)",,,,33a(ii),,,,,,,,,,,,"33c, 34c, 34e",,,,32b,32b(iii),,,,,,,,"32b(v), 32b(vi), 32e(i)",,,"32b(v), 32b(vi)","32b(v), 32b(vi)",,,,,,,,,,,32e(v),,,,,,,,,,,,,,,,"32b(iv), 33a(i)",,,,32b(iv),,,,,,,,,,,,,32c,,,,,,,,,,,"32b(iv), 32b(v), 40",,,,,,,,,,,,,,,,,,,31
S/RES/2264,MINUSCA,Central African Republic,2016,09/02/2016,1,0,0,,,,,,,,,,,,,,,,,,,,,,,,,,,,,,,,,,,,,,,,,,,,,,,,,,,,,,,,,,,,,,,,,,,,,,,,,,,,,,,,,,,,,,,,,,,,,,,,,,,,,,,,,,,,,,,,,,,,,,,,,,,,,,,,,,,,,,,,,,,,,,,,,,,,,,,,,,,,,,,,,
S/RES/2281,MINUSCA,Central African Republic,2016,26/04/2016,1,1,0,,,,,,,,,,,,,,,,,,,,,,,,,,,,,,,,,,,,,,,,,,,,,,,,,,,,,,,,,,,,,,,,,,,,,,,,,,,,,,,,,,,,,,,,,,,,,,,,,,,,,,,,,,,,,,,,,,,,,,,,,,,,,,,,,,,,,,,,,,,,,,,,,,,,,,,,,,,,,,,,,2
S/RES/2301,MINUSCA,Central African Republic,2016,26/07/2016,1,1,0,,"34c(i), 34c(vi)",,,,34c(iv),,,,"34a(viii), 34c(v)",,,,,,,"36a, 36b, 36c","34c(vi), 36d",,,"26, 33a(iii)",,"33a(i), 33a(iv)",,"33b(i), 58","33b(iii), 34b(ii), 34d(iv), 35a(ii)",,,33b(ii),44,33a(ii),,33b(ii),33b(ii),,,,"34b(i), 34b(ii), 34b(iii), 34b(iv), 34b(vi)",,,,"34b(i), 34b(ii), 34b(iii), 34b(vi)",,,,,,,,"34d(v), 35a(i)",,,,"34d(iv), 34d(vi), 34d(vii), 35a(iv)",,,,35a(i),,,,,,,,,,,,"34a(vii), 35b, 36b, 36e",,,,"34a, 34a(v)",,,,,,,,,,,47,,,,,,,,,,,,,"33b(iii), 34a(ii), 34c(iii)",,,,,,,,39,,,,,,,,"34a, 34a(i)",,,,"34a(i), 34a(ii), 34c(ii)",,,,,,,,,,,,,33c,,,,,,,,"33a(i), 33c",,,"34a(i), 34a(ii), 34b(iv), 45",,,,,,,,,,,,,,,,,,,"34, 34d(i)"
S/RES/2387,MINUSCA,Central African Republic,2017,15/11/2017,1,0,1,,"43c, 43c(i), 56",,,,"43c, 43c(i), 43c(iii)",,,44c,"44d, 55, 56",,58,,,,,44c,44d,,,42a(iv),42a(ii),"32, 42a, 42a(i), 42a(ii), 42a(v)",,43d(i),"43b(ii), 43d, 43d(iii), 43e(ii), 43e(v), 43e(xi)",,,43d(ii),"50,  43c(i)",42a(iii),,43d(ii),,,,,"43a(iii), 43b, 43b(i),  43b(ii), 43b(iii), 43b(iv), 43e(x)",,,,"43a(ii), 43b, 43b(i),  43b(ii), 43c(iii)",,,,,,,,"43e, 43e(i), 43e(vi), 43e(vii), 43e(viii), 43e(ix), 43e(x)",,,,"42b, 42b(vi), 43e, 43e(v), 43e(vii), 43e(viii), 43e(ix)",,,,"43e(i), 43e(x)",,,,,,,,,,,,"43f, 44c, 44e",,,,"43a, 43a(i), 43a(iii), 43e(vii), 44e",,,,,,,,,,,,,,,,,,,,,,,,"42b(i), 42b(iii), , 42b(iv), 43d(iii)",,,,,,,,47,,,,,,,,"42b, 42b(i), 42b(iii), 42b(iv)",,,,"42b(iii), 42b(iv)",,,,42b(v),,,,,,,,,"42c, 42c(i)",,,,,,,,42c,,,"42b(ii), 42b(iii), 43b(iv), 43c(i), 43c(ii), 51",,,,,,,,,,,,,,,,,,,"39, 41"
S/RES/1778,MINURCAT,Chad,2007,23/09/2007,0,0,1,,,,,,,,,,,,,,,,,,,,,,"1, 2a, 2b",,,2e,2e,,,,2f,,,2e,2e,,,,"2a, 5",,,,,,,,,,,,2g,,,,,,,,,,,,,,,,,,,,,,,,,,,,,,,,,,,,,,,,,,,,,,,,2f,,,,,,,,,,,,,,,,,,,,,,,,,,,,,1,,,1,5,,,,,,,2c,"1, 5",,,,,,,2g,,,,,,,,,,,,,,,
S/RES/1834,MINURCAT,Chad,2008,24/09/2008,1,0,0,,,,,,,,,,,,,,,,,,,,,,,,,,,,,,,,,,,,,,,,,,,,,,,,,,,,,,,,,,,,,,,,,,,,,,,,,,,,,,,,,,,,,,,,,,,,,,,,,,,,,,,,,,,,,,,,,,,,,,,,,,,,,,,,,,,,,,,,,,,,,,,,,,,,,,,,,,,,,,,,,
S/RES/1861,MINURCAT,Chad,2009,14/01/2009,1,0,1,,,,,,,,,,,,,,,,,,,,,,"1, 5",7a(i),,6f,"6f, 6g",,,,6g,,23,6f,6f,,,,6a,,13,,6a,,,,,,,,6h,,,,,,,,,,,,,,,,,,,,,,,,,,,,,,,,,,,,,,,,,,,,,,,,6g,,,,,,,,,,,,,,,,,,,,6e,,,6i,6i,,,,,"1, 5",,6d,"1, 5",7a(ii),,,,,,,"5, 6c, 6e","1, 7a(i)",,,,,,,6h,,,,,,,,,,,,,,,7a
S/RES/1913,MINURCAT,Chad,2010,12/03/2010,1,0,0,,,,,,,,,,,,,,,,,,,,,,,,,,,,,,,,,,,,,,,,,,,,,,,,,,,,,,,,,,,,,,,,,,,,,,,,,,,,,,,,,,,,,,,,,,,,,,,,,,,,,,,,,,,,,,,,,,,,,,,,,,,,,,,,,,,,,,,,,,,,,,,,,,,,,,,,,,,,,,,,,
S/RES/1922,MINURCAT,Chad,2010,12/05/2010,1,0,0,,,,,,,,,,,,,,,,,,,,,,,,,,,,,,,,,,,,,,,,,,,,,,,,,,,,,,,,,,,,,,,,,,,,,,,,,,,,,,,,,,,,,,,,,,,,,,,,,,,,,,,,,,,,,,,,,,,,,,,,,,,,,,,,,,,,,,,,,,,,,,,,,,,,,,,,,,,,,,,,,
S/RES/1923,MINURCAT,Chad,2010,25/05/2010,1,0,1,,,,,,,,,,,,,,,,,,,,,,,10,,8(v),"8(v), 8(vi)",,,,8(vi),,23,8(v),8(v),,,,"8(i), 12, 14",,,,,,,,,,,,8(vii),,,,,,,,,,,,,,,,,,,,,,,,,,,,,,,,,,,,,,,,,,,,,,,,8(vi),,,,,,,,,,,,,,,,,,,,8(iv),,,,,,,,,,,8(iii),,9(iv),,,,,,,"8(ii), 8(iv)",,23,,,,,,8(vii),,,,,,,,,,,,,,,10
S/RES/1279,MONUC,Dem. Rep. of the Congo,1999,30/11/1999,0,0,0,,,,,,,,,,,,,,,,,,,,,,,,,,5e,,,,5e,,,,,,,,,,,,,,,,,,,,,,,,,,,,,,,,,,,,,,,,,,,,,,,,,,,,,,,,,,,,,,,,,,,,,,,,,,,,,,,,,,,,,,,,,,,,,,,,,,,,5e,,,,,,,,5e,,,,,,,,,,,5d,"5a, 5b",,,,,,,,,,,
S/RES/1291,MONUC,Dem. Rep. of the Congo,2000,24/02/2000,1,0,1,,7c,,,,7c,,,7f,,,,"7e, 7f",,,,,,,,,,8,,7g,,,,7g,,,,,,,,,,,,,,,,,,,,,,,,,,,,,,,,,,,,,7i,,,,,,,,,,,,,,,,,,,,,,,,,,,,,,,,,,,,,,,,,,,,,,,,7h,,,,,,,,,,,,,,,,"7d, 7g",,,,,,,,,,,,,,,,,,,"7a, 7f",7c,,,,,,,,,,,8
S/RES/1316,MONUC,Dem. Rep. of the Congo,2000,23/08/2000,1,0,0,,,,,,,,,,,,,,,,,,,,,,,,,,,,,,,,,,,,,,,,,,,,,,,,,,,,,,,,,,,,,,,,,,,,,,,,,,,,,,,,,,,,,,,,,,,,,,,,,,,,,,,,,,,,,,,,,,,,,,,,,,,,,,,,,,,,,,,,,,,,,,,,,,,,,,,,,,,,,,,,,
S/RES/1323,MONUC,Dem. Rep. of the Congo,2000,13/10/2000,1,0,0,,,,,,,,,,,,,,,,,,,,,,,,,,,,,,,,,,,,,,,,,,,,,,,,,,,,,,,,,,,,,,,,,,,,,,,,,,,,,,,,,,,,,,,,,,,,,,,,,,,,,,,,,,,,,,,,,,,,,,,,,,,,,,,,,,,,,,,,,,,,,,,,,,,,,,,,,,,,,,,,,
S/RES/1332,MONUC,Dem. Rep. of the Congo,2000,14/12/2000,1,0,0,,,,,,,,,,,,,,,,,,,,,,,,,,,,,,,,,,,,,,,,,,,,,,,,,,,,,,,,,,,,,,,,,,,,,,,,,,,,,,,,,,,,,,,,,,,,,,,,,,,,,,,,,,,,,,,,,,,,,,,,,,,,,,,,,,,,,,,,,,,,,,,,,,,,,,,,,,,,,,,,,
S/RES/1341,MONUC,Dem. Rep. of the Congo,2001,22/02/2001,1,1,0,,8,,,,8,,,,,,,,,,5,,,,,,,,,,,,,,10,,,,,,,,,,,,,,,,,,,,,,,,,,,,,,,,,,,,,,,,,,,,,,,,,,,,,,,,,,,,,,,,,,,,,,,,,,,,,,,,,,,,,,,,,,,,,,,,,,,,,,,,,,,,,,,,,,,,,,,19,6,,,,,,,,,,,
S/RES/1355,MONUC,Dem. Rep. of the Congo,2001,15/06/2001,1,1,0,,"31, 32",,,,32,,,,,,,,,,,,,,,,,,,34,,,,,,,,,,,,,,,,,,,,,,,,,,,,,,,,,,,,,,,,,,,,,,,,,,,,,,,,,,,,,,,,,,,,,,,,,,,,,,,,,36,,,,,,,,,,,,,,,,,,,,,,,,,,,,,,,,,,,,,,,,,,,,,,,,,,,,,,,
S/RES/1376,MONUC,Dem. Rep. of the Congo,2001,09/11/2001,1,0,0,,,,,,,,,,,,,,,,,,,,,,,,,,,,,,,,,,,,,,,,,,,,,,,,,,,,,,,,,,,,,,,,,,,,,,,,,,,,,,,,,,,,,,,,,,,,,,,,,,,,,,,,,,,,,,,,,,,,,,,,,,,,,,,,,,,,,,,,,,,,,,,,,,,,,,,,,,,,,,,,,
S/RES/1417,MONUC,Dem. Rep. of the Congo,2002,14/06/2002,1,1,0,,9,,,,9,,,,,,,,,,,,,,,,,7,,,,,,,,,,,,,,,,,,,,,,,,,,,,,,,,,,,,,,,,,,,,,,,,,,,,,,,,,,,,,,,,,,,,,,,,,,,,,,,,,,,,,,,,,,,,,,,,,,,,,,,,,,,,,,,,,,,,,,,,,,,,,,,,,,,,,,,,,,7
S/RES/1445,MONUC,Dem. Rep. of the Congo,2002,04/12/2002,1,1,0,,"5, 10",,,,"4, 5, 10",,12,,,,,,10,,,,,,,,,,,,,15,,,12,,,,,,,,,,18,,,,,,,,,,,,,,,,,,,,,,,,,,,,,,,,,,,,,,,,,,,,,,,,,,,,,,,,,,,,,,,,,,4,,,,,,,,,,,,,,,,,,,,,,,,,,,,,,,,,,,,12,,,,,,,,,,,,,,,,,,,
S/RES/1489,MONUC,Dem. Rep. of the Congo,2003,26/06/2003,1,0,0,,,,,,,,,,,,,,,,,,,,,,,,,,,,,,,,,,,,,,,,,,,,,,,,,,,,,,,,,,,,,,,,,,,,,,,,,,,,,,,,,,,,,,,,,,,,,,,,,,,,,,,,,,,,,,,,,,,,,,,,,,,,,,,,,,,,,,,,,,,,,,,,,,,,,,,,,,,,,,,,,
S/RES/1493,MONUC,Dem. Rep. of the Congo,2003,28/07/2003,1,1,0,,17,,,,17,25,,,,,,,,,,,,,,,,25,,,,,11,,,,,,,,9,,7,,"5, 6",,,,5,,,,,,,,,,,,,,,,,,,,,,,,,,,,,,,,5,,,,,,,,,,,,5,,,,,,,,,,,,,,,,,,,,,,,,,,,,,,,,,,,,,,,,,,,25,,,,,,,,27,,,,,9,,,,,,,,,,,,,,,,,"25, 26"
S/RES/1533,MONUC,Dem. Rep. of the Congo,2004,12/03/2004,1,1,0,,,,,,,,,,4,,,,,,,3,"3, 4",,,,,,,,,,,,,,,,,,,,,,,,,,,,,,,,,,,,,,,,,,,,,,,,,,,,,,,,,,,,,,,,,,,,,,,,,,,,,,,,,,,,,,,,,,,,,,,,,,,,,,,,,,,,,,,,,,,,,,,,,,,,,,,,,,,,,,,,,,,,,,,3
S/RES/1552,MONUC,Dem. Rep. of the Congo,2004,27/07/2004,1,0,0,,,,,,,,,,,,,,,,,,,,,,,,,,,,,,,,,,,,,,,,,,,,,,,,,,,,,,,,,,,,,,,,,,,,,,,,,,,,,,,,,,,,,,,,,,,,,,,,,,,,,,,,,,,,,,,,,,,,,,,,,,,,,,,,,,,,,,,,,,,,,,,,,,,,,,,,,,,,,,,,,
S/RES/1555,MONUC,Dem. Rep. of the Congo,2004,29/07/2004,1,0,0,,,,,,,,,,,,,,,,,,,,,,,,,,,,,,,,,,,,,,,,,,,,,,,,,,,,,,,,,,,,,,,,,,,,,,,,,,,,,,,,,,,,,,,,,,,,,,,,,,,,,,,,,,,,,,,,,,,,,,,,,,,,,,,,,,,,,,,,,,,,,,,,,,,,,,,,,,,,,,,,,
S/RES/1565,MONUC,Dem. Rep. of the Congo,2004,01/10/2004,1,0,1,5e,"5c, 5d, 5e, 7b, 14",5e,,,7b,,,,4g,,,4h,,,,4f,4g,,,,,4b,,,5g,,,,5g,,,,,,,7b,"5a, 7b, 12",,,,"5a, 7b, 12",,,,,,,,,,,,,,,,,,,4h,,,,,,,,,,,,,,,,,,,,,5f,,,,"5f, 7c, 12",,,,,,,,,,,,,,,,,,,,,,,,,,,,,,,,,,,15,,,,,,,,,,"4b, 5b",,,,,,,5b,,,,,,,,"7a, 12",,,,,,,,,,,,,,,6
S/RES/1592,MONUC,Dem. Rep. of the Congo,2005,30/03/2005,1,1,0,,5,5e,,,,,,,,,,,,,,,,,,,,7,7,,,,,,,,,,,,,,,,,,,,,,,7,,,,,,,,,,,,,,,,,,,,,,,,,,,,,,,,,,,,,,,,,,,,,,,,,,,,,,,,,,,,,,,,,,,,,,,,,,,,,,,,,,,,,,,,,,,,,,,,,,,,,,,,,,,,,,,,,,7
S/RES/1621,MONUC,Dem. Rep. of the Congo,2005,06/09/2005,1,1,0,,,,,,,,,,,,,,,,,,,,,,,,,,,,,,,,,,,,,,,,,,,,,,,,,,,,,,,,,,,,,,,,,,,,,,,,,,,,,,,,,,,,,,3,,,,,,,,,,,,,,,,,,,,,,,,,,,,,,,,,,,,,,,,,,4,,,,,,,,,,,,,,,,,,,,,,,,,,,,,,,,,
S/RES/1628,MONUC,Dem. Rep. of the Congo,2005,30/09/2005,1,0,0,,,,,,,,,,,,,,,,,,,,,,,,,,,,,,,,,,,,,,,,,,,,,,,,,,,,,,,,,,,,,,,,,,,,,,,,,,,,,,,,,,,,,,,,,,,,,,,,,,,,,,,,,,,,,,,,,,,,,,,,,,,,,,,,,,,,,,,,,,,,,,,,,,,,,,,,,,,,,,,,,
S/RES/1635,MONUC,Dem. Rep. of the Congo,2005,28/10/2005,1,1,0,,,,,,,,,,,,,,,,,,,,,,,,,,,,,,,,,,,,,,,,,,,,,,,,,,,,,,,,,,,,,,,,,,,,,,,,,,,,,,,,,,2,,,,,,,,,,,,,,,,,,,,,,,,,,,,,,,,,,,,,,,,,,,,7,,,,,,,,,,,,,,,,,,,,,,,,,,,,,,,,,,,
S/RES/1711,MONUC,Dem. Rep. of the Congo,2006,29/09/2006,1,0,0,,,,,,,,,,,,,,,,,,,,,,,,,,,,,,,,,,,,,,,,,,,,,,,,,,,,,,,,,,,,,,,,,,,,,,,,,,,,,,,,,,,,,,,,,,,,,,,,,,,,,,,,,,,,,,,,,,,,,,,,,,,,,,,,,,,,,,,,,,,,,,,,,,,,,,,,,,,,,,,,,
S/RES/1736,MONUC,Dem. Rep. of the Congo,2006,22/12/2006,1,0,0,,,,,,,,,,,,,,,,,,,,,,,,,,,,,,,,,,,,,,,,,,,,,,,,,,,,,,,,,,,,,,,,,,,,,,,,,,,,,,,,,,,,,,,,,,,,,,,,,,,,,,,,,,,,,,,,,,,,,,,,,,,,,,,,,,,,,,,,,,,,,,,,,,,,,,,,,,,,,,,,,
S/RES/1742,MONUC,Dem. Rep. of the Congo,2007,15/02/2007,1,0,0,,,,,,,,,,,,,,,,,,,,,,,,,,,,,,,,,,,,,,,,,,,,,,,,,,,,,,,,,,,,,,,,,,,,,,,,,,,,,,,,,,,,,,,,,,,,,,,,,,,,,,,,,,,,,,,,,,,,,,,,,,,,,,,,,,,,,,,,,,,,,,,,,,,,,,,,,,,,,,,,,
S/RES/1751,MONUC,Dem. Rep. of the Congo,2007,13/04/2007,1,0,0,,,,,,,,,,,,,,,,,,,,,,,,,,,,,,,,,,,,,,,,,,,,,,,,,,,,,,,,,,,,,,,,,,,,,,,,,,,,,,,,,,,,,,,,,,,,,,,,,,,,,,,,,,,,,,,,,,,,,,,,,,,,,,,,,,,,,,,,,,,,,,,,,,,,,,,,,,,,,,,,,
S/RES/1756,MONUC,Dem. Rep. of the Congo,2007,15/05/2007,1,0,1,2n,"2l, 2m, 2n, 11",2n,,,"2k, 2n, 11",,,,2h,,,2f,,,,2g,2h,,,,,"2a, 2k",,3c,"2o, 2p, 3c",,,,"2l, 2n, 2o, 3c",,,,"2o, 2p",,,,"2p, 2r",,,,"2o, 2r",,,,2l,2k,,,2q,,,,3c,,,,2q,,,"2f, 2g",,,,,2i,,,,2l,,,,2i,,,,3a,,,,3e,,,,3d,,,,,,,,,,,,3b,,,,,,,,,,,,,,,,"3b, 12",,,,,,,,,,,,11,,,,,"2a, 2b",,,,,,,2b,,,,,,,,,,,,,,,,,,,,,,,4
S/RES/1794,MONUC,Dem. Rep. of the Congo,2007,21/12/2007,1,1,0,,,,5,,,,5,,,,,,,,,,,,,,,"2, 8",5,16,16,,,,,,,18,18,,,,,,,,18,,,,,,5,,,,,,16,,,,,,,,,,,,,,,,,,,,,,,,,,,,,,,,12,,,,,,,,,,,,,,,,,,,,,,19,,,,,,,,,,,,,,,,,,,,,,,,,,,,,,,,,,,,,,,,,,,,,,,,,,,,,"5, 8"
S/RES/1797,MONUC,Dem. Rep. of the Congo,2008,30/01/2008,1,1,0,,,,,,,,,,,,,,,,,,,,,,,,,,,,,,,,,,,,,,,,,,,,,,,,,,,,,,,,,,,,,,,,,,,,,,,,,,,,,,,,,,,,,,1,,,,,,,,,,,,,,,,,,,,,,,,,,,,,,,,,,,,,,,,,,,,,,,,,,,,,,,,,,,,,,,,,,,,,,,,,,,
S/RES/1843,MONUC,Dem. Rep. of the Congo,2008,20/11/2008,1,1,0,,,,,,,,,,,,,,,,,,,,,,,,,,,,,,,,,,,,,,,,,,,,,,,,,,,,,,,,,,,,,,,,,,,,,,,,,,,,,,,,,,,,,,,,,,,,,,,,,,,,,,,,,,,,,,,,,,,,,,,,,,,,,,,,,,,,,,,,,,,,,,,,,,,,,,,,,,,,,,,,,4
S/RES/1856,MONUC,Dem. Rep. of the Congo,2008,22/12/2008,1,1,1,3i,"3g, 3h, 3i",3i,,,"3g, 3i",,,,3o,,,3m,,,,3n,3o,,,,"3a, 3e","2, 3f, 6",,4c,"3k, 4c",,,"3ci, 4c","3g, 3i, 3k, 4c",,,,"3k, 13",,,,"3k, 3l, 22",,,,"3k, 3l, 4g, 22",,,,3g,3f,,,"4g, 22",,,,4c,,,,4g,,,3m,3p,,,,3q,,,3j,21,,,,3p,,,,"4a, 4b",,,,,,,,4d,,,,,,,,,,,,4b,,,,,,,,,,16,,,,,,4b,,,,,,,,,,,,,,,,,"3a, 3b",,,,,,,3b,,,,,,,,,,,,,,,,4b,,,,,,,"5, 8"
S/RES/1906,MONUC,Dem. Rep. of the Congo,2009,23/12/2009,1,1,0,24,"5b, 21a",24,25,,"5b, 24, 36",,,,37,,,,,,,,,,,,"5a, 21, 21b","7, 9, 20",8,,"11, 31",,,,"11, 15, 31",,,,"11, 18, 31",,,,"5c, 30",,,,"5c, 29, 30, 31, 32, 33, 35, 36",,,,21,20,,,39,,,,,,,,39,,,,,,,,,,,,"21c, 21d",,28,,"21c, 39",,,,39,,,,,,,,,,,,,,,,,,,,,,,,,,,,,,14,,,,,,,,,,,,,,,,,,,,,,,5a,,,,,,,,4c,,,,,,,,,,,,,,,,,,,,,,6
S/RES/1925,MONUSCO,Dem. Rep. of the Congo,2010,28/05/2010,1,1,1,,"12i,12j",,,,"12i, 12j",,,,12t,,,,,,,12t,,,,17,"12c, 12f","11, 12a",17,,12c,12a,17,,12e,,,,12c,,,,"6(ii), 12l, 12m, 12n, 12o",,,,"6(ii), 12j, 12l, 12m",,,,"12h, 12k",,,,"12l, 12m, 12o",,,,,,,,12o,,,,12t,,,,12s,,,,12r,,,,"6(iii), 12p",,,,,,,,,,,,12q,,,,,,,,,,,,,12a,,,,,,,16,,,,,,,,,,,,,,,,,,,,,,,,,12a,,,,,,,12g,12g,,,,,,,,,,,,,,,,,,,,,,11
S/RES/1991,MONUSCO,Dem. Rep. of the Congo,2011,28/06/2011,1,1,0,,15,,,,15,,,,,,,,,,,,,,,,,,"1, 8, 14",,,,,,16,,,,,,,,11,,,,11,,,,,,,,,,,,,,19,,,,,,,,,,,,,,,,17,,4c,,20,,,,,7,"5, 8",,,,7,,,,,,,,,,,,,,,,,,,,,,,,,,,,,,,,,,,,,,,,,,,,,,,,,,,,,,,,,,,,,,,,,,,,,,20,,,,,
S/RES/2053,MONUSCO,Dem. Rep. of the Congo,2012,27/07/2012,1,1,0,,,,"21, 22",,,,"21, 22",,,,,,,,,,,,,,"4b, 20","1, 6",1,17,,,24,,23,,,,23,,,,"4b, 6, 8, 10",,,,"4b, 6, 8, 10",,,,"4a, 20",,,,,,8,,,,"8, 13, 20",,,,,,,,,,,,,,,,25,,4c,,,,16,,,,,,,,16,16,,,,,,,,,,,,,,,,,,,,,24,,,,,,,,,,,,,,,,p2,,,,,,,,21,,,,,,20,,,,,,,,,,,,,,,,,,,,,,,
S/RES/2076,MONUSCO,Dem. Rep. of the Congo,2012,20/11/2012,1,0,0,,,,,,,,,,,,,,,,,,,,,,,,,,,,,,,,,,,,,,,,,,,,,,,,,,,,,,,,,,,,,,,,,,,,,,,,,,,,,,,,,,,,,,,,,,,,,,,,,,,,,,,,,,,,,,,,,,,,,,,,,,,,,,,,,,,,,,,,,,,,,,,,,,,,,,,,,,,,,,,,,
S/RES/2078,MONUSCO,Dem. Rep. of the Congo,2012,28/11/2012,1,1,0,,,,,,,,,,,,,,,,,,,,,,,,,,,,,,,,,,,,,,,,,,,,,,,,,,,,,,,19,,,,,,,,,,,,,,18,18,,,,,,,,,,,,,,,,,,,,,,,,,,,,,,,,,,,,,,,,,,,,,,,,,,,,,,,,,,,,,,,,,,,,,,,,,,,,,,,,,,,,,,,,,,,
S/RES/2098,MONUSCO,Dem. Rep. of the Congo,2013,28/03/2013,1,1,0,,"12b, 15d",,,,15d,,,,12c,,,,,,,12c,12c,,,,"12a(iii), 12b","9, 12a, 12a(i)",,15a,"11b, 12a(iii), 15h",12a(i),,,"12a(iii), 15i, 22",,,12a(iii),"11a, 12a(iii), 15i, 22",,,,"11b, 14a, 15b, 15c, 15f, 15g",,14a,,"11b, 14a, 15b, 15c",,14a,,12b,"9, 12b",,,"14a, 15g",,,,12d,,,,,15g,,,,,23,,,,,,,,14c,,15e,,,,,,,,,,,,11b,,14b,,,,,,,,,,,,,,,,,,,,25,,,,,,14b,,,,,,,,,,23,,,,,,,12a(i),,,,,,,,12a(i),,,,,,,,,,,,,,,,,,,,,,12
S/RES/2136,MONUSCO,Dem. Rep. of the Congo,2014,30/01/2014,1,1,0,,,,,,,,,,16,,,,,,,"16, 17","16, 17",,,,,,,,,,,,,,,,,,,,,,,,,,,,,,,,,,,,,11,,,,,,,,,,,,,,25,25,,,,,,,,,,,,,,,,,,,,,,,,,,,,,,,,,,,,,,,,,,,,,,,,,,,,,,,,,,,,,,,,,,,,,,,,,,,,,,,,,,,,,,,,,,,
S/RES/2147,MONUSCO,Dem. Rep. of the Congo,2014,28/03/2014,1,1,0,,5g,,,,5g,,,,,,,,,,,4c,4c,,,,,"4a(i), 4a(iii)",p5,5d,"4a(iii), 5d, 5k",,,,"4a(iii), 5g, 5l, 28",,,,"4a(iii), 5l",,,,"5a, 5e, 5i",,,,"5a, 5e, 5f",,,,4b,4b,,,"5a, 5j",,,,4d,,,,,,,,,,,,,,,,5c,,,,5h,,,,5b,,,5d,,,,,"5b, 12",,,,,,,,,,,,,4a(i),,,,,,,,,31,,,,,,5b,,,,,,,,,,,,,,,,,4a(i),,,,,,,,4a(i),,27,"4a(iii), 27",,,,,,,,,,,,,,,,,,,4
S/RES/2211,MONUSCO,Dem. Rep. of the Congo,2015,26/03/2015,1,1,0,,"9e, 13c, 13d",,,,"13c, 13d",,,,9f,,,,,,,9f,9f,,38,,"9c, 9e","6a, 8, 9a",,15b,"6b, 9c, 13e, 15a, 34",9a,,,"9c, 10, 13c, 13d, 13f, 32",6a,,,"6a, 9c, 13f, 32",,,,"6b, 15c, 15e",,,,"6b, 15c, 15d",,,,"9e, 25","9a, 9e",24,,"6b, 15f",,,,9d,,,,15f,,,,,,,,,,,,,,15g,,"6b, 7",,,,,,,15b,,,,,"6b, 21",,,,,,,,,,,,,9a,,,,,,,,,12,,,,,,15a,,,,,,,,,,,,,,,,,9a,,,,,,,,9a,,10,"9c, 10",,,,,,,,,,,,,,,,,,,9
S/RES/2277,MONUSCO,Dem. Rep. of the Congo,2016,30/03/2016,1,1,1,,"35i(f), 35i(g)",,,,35i(g),,,,"4, 36ii",,,,,,,36ii,36ii,,43,,"35i(b), 35i(d), 35iii","29a, 35i, 35i(a)",,"35i( c), 35ii(b)","29b, 35i(b), 35ii(a), 35ii( e)",35i(a),,,"35i(b), 35i(f), 35i(g), 35ii(f), 37",29a,,35i(b),"29a, 35i(b), 35ii(f)",29a(i),,,"29b, 36i, 36i(a), 36i(b)",,,29b,"36i, 36i(b), 36i( c)",,,,"35i(d), 20",35i(d),"p4, 18",,"29b, 36i(d)",,,,35ii(d),,,,36i(d),,,,,,,,,,,,,,36iii,,"29b, 32",,,,,,,"35i( c), 35ii(b)","29b, 35i(a)",,,,"29b, 35ii(a), 35ii( c)",,,,,,,,,,,,,35a(i),,,,, ,,35i( c),,,,,,,,35ii(a),,,,,,,,5,,,,,,,,,35i(a),,,,,,,,35i(a),,38,38,,,,,,,,,,,,,,,,,,,34
S/RES/2293,MONUSCO,Dem. Rep. of the Congo,2016,23/06/2016,1,0,0,,,,,,,,,,,,,,,,,30,"30, 31",,,,,,,,,,,,,,,,,,,,,,,,,,,,,,,,,,,,,,16,,,,,,,,,,,,,30,,,,,,,,,,,,,,,,,,,,,,,,,,,,,,,,,,,,,,,,,,,,,,,,,,,,,,,,,,,,,,,,,,,,,,,,,,,,,,,,,,,,,,,,,,,,
S/RES/2348,MONUSCO,Dem. Rep. of the Congo,2017,31/03/2017,1,1,0,,"34i(d), 35i, 35i( c), 35i(d)",,,,"35i, 35i( c), 35i(d)",,,,"23, 35iii",,23,,,,,35iii,35iii,,43,,"34i(b), 34i(d)","28a, 32, 34i, 34i(a), 34(i)d",,"34i( c), 34ii(b)","34i(b), 34i(f), 34i(g), 40",34i(a),,,"34i(b), 35i(b), 35i( c), 35i(d), 36",,,34i(b),"34i(b), 35i(b)",,,,"34ii(d), 35ii, 35ii(a), 35ii(b)",,,,"35ii, 35ii(b), 35ii( c)",,,,"34i(d), 17",34i(d),16,,35ii(d),,,,34i(f),,,,35ii(d),,,,,,,,,,,,,,35iv,,,,,,,,,34ii(b),"34ii(d), 34i(a)",,,,"28b, 34ii, 34ii(a), 34ii( c)",,,,,,,,,,,,,34(i)a,,,,,,,34i( c),,,,,,,,,,,,34i(a),,,,,,,,,,,,,34i(a),,,,,,,,34i(a),,37,37,,,,,,,,,,,,,,,,,,,33
S/RES/1312,UNMEE,Eritrea,2000,31/07/2000,0,0,0,,,,,,,,,,,,,,,,,,,,,,,,,,,,,,,,,,,,,,,,,,,,,,,,,,,,,,,,,,,,,,,,,,,,,,,,,,,,,,,,,,,,,,,,,,,,,,,,,,,,,,,,,,,,,,,,,,,,,,,,,,,,,,,,,,,,,,,,,,,,,,,,,,,,,,"1c, 1d",,,,,,,,,,,
S/RES/1320,UNMEE,Eritrea,2000,15/09/2000,0,0,1,,,,,,,,,,,,,"2c, 2d, 2e, 2f",,,,,,,,,,,,,2i,,,,,,,,,,,,,,,,,,,,,,,,,,,,,,,,,,,,,,,,2h,,,,,,,,,,,,,,,,,,,,,,,,,,,,,,,,,,,,,,,,,,,,,,,,,,,,,,,,,,,,,,,,2i,,,,,,,,,,,,,,,,,,,2f,"2a, 2b",,,,,,,,,,,
S/RES/1344,UNMEE,Eritrea,2001,15/03/2001,1,1,0,,,,,,,,,,,,,,,,,,,,,,,,,,,,,,,,,,,,,,,,,,,,,,,,,,,,,,,,,,,,,,,,5,,,,,,,,,,,,,,,,,,,,,,,,,,,,,,,,,,,,,,,,,,,,,,,,,,,,,,,,,,,,,,,,,,,,,,,,,,,,,,,,,,,,,,,,,,,,,,,,,
S/RES/1369,UNMEE,Eritrea,2001,14/09/2001,1,0,0,,,,,,,,,,,,,,,,,,,,,,,,,,,,,,,,,,,,,,,,,,,,,,,,,,,,,,,,,,,,,,,,,,,,,,,,,,,,,,,,,,,,,,,,,,,,,,,,,,,,,,,,,,,,,,,,,,,,,,,,,,,,,,,,,,,,,,,,,,,,,,,,,,,,,,,,,,,,,,,,,
S/RES/1398,UNMEE,Eritrea,2002,15/03/2002,1,0,0,,,,,,,,,,,,,,,,,,,,,,,,,,,,,,,,,,,,,,,,,,,,,,,,,,,,,,,,,,,,,,,,,,,,,,,,,,,,,,,,,,,,,,,,,,,,,,,,,,,,,,,,,,,,,,,,,,,,,,,,,,,,,,,,,,,,,,,,,,,,,,,,,,,,,,,,,,,,,,,,,
S/RES/1430,UNMEE,Eritrea,2002,14/08/2002,1,0,1,,,,,,,,,,,,,,6,,,,,,,,,,,,,,,,,,,,,,,,,,,,,,,,,,,,,,,,,,,,,,,,,,,,1a,,,,,,,,1b,,,,,,,,,,,,,,,,,,,,,,,,,,,,,,,,,,,,,,,,,,,,,,,,,,,,,,,,,,,,,,,,,,,,,,,,,,,,,,,,,,,,,,,
S/RES/1434,UNMEE,Eritrea,2002,06/09/2002,1,0,0,,,,,,,,,,,,,,,,,,,,,,,,,,,,,,,,,,,,,,,,,,,,,,,,,,,,,,,,,,,,,,,,,,,,,,,,,,,,,,,,,,,,,,,,,,,,,,,,,,,,,,,,,,,,,,,,,,,,,,,,,,,,,,,,,,,,,,,,,,,,,,,,,,,,,,,,,,,,,,,,,
S/RES/1466,UNMEE,Eritrea,2003,14/03/2003,1,0,0,,,,,,,,,,,,,,,,,,,,,,,,,,,,,,,,,,,,,,,,,,,,,,,,,,,,,,,,,,,,,,,,,,,,,,,,,,,,,,,,,,,,,,,,,,,,,,,,,,,,,,,,,,,,,,,,,,,,,,,,,,,,,,,,,,,,,,,,,,,,,,,,,,,,,,,,,,,,,,,,,
S/RES/1507,UNMEE,Eritrea,2003,12/09/2003,1,0,0,,,,,,,,,,,,,,,,,,,,,,,,,,,,,,,,,,,,,,,,,,,,,,,,,,,,,,,,,,,,,,,,,,,,,,,,,,,,,,,,,,,,,,,,,,,,,,,,,,,,,,,,,,,,,,,,,,,,,,,,,,,,,,,,,,,,,,,,,,,,,,,,,,,,,,,,,,,,,,,,,
S/RES/1531,UNMEE,Eritrea,2004,12/03/2004,1,0,0,,,,,,,,,,,,,,,,,,,,,,,,,,,,,,,,,,,,,,,,,,,,,,,,,,,,,,,,,,,,,,,,,,,,,,,,,,,,,,,,,,,,,,,,,,,,,,,,,,,,,,,,,,,,,,,,,,,,,,,,,,,,,,,,,,,,,,,,,,,,,,,,,,,,,,,,,,,,,,,,,
S/RES/1560,UNMEE,Eritrea,2004,14/09/2004,1,1,0,,,,,,,,,,,,,,,,,,,,,,,,,,,,,,,,,,,,,,,,,,,,,,,,,,,,,,,,,,,,,,,,,,,,,,,,,,,,,,,,,,,,,,,,,,,,,,,,,,,,,,,,,,,,,,,,,,,,,,,,,,4,,,,,,,,,,,,,,,,,,,,,,,,,,,,,,,,,,,,,,,
S/RES/1586,UNMEE,Eritrea,2005,14/03/2005,1,0,0,,,,,,,,,,,,,,,,,,,,,,,,,,,,,,,,,,,,,,,,,,,,,,,,,,,,,,,,,,,,,,,,,,,,,,,,,,,,,,,,,,,,,,,,,,,,,,,,,,,,,,,,,,,,,,,,,,,,,,,,,,,,,,,,,,,,,,,,,,,,,,,,,,,,,,,,,,,,,,,,,
S/RES/1622,UNMEE,Eritrea,2005,13/09/2005,1,0,0,,,,,,,,,,,,,,,,,,,,,,,,,,,,,,,,,,,,,,,,,,,,,,,,,,,,,,,,,,,,,,,,,,,,,,,,,,,,,,,,,,,,,,,,,,,,,,,,,,,,,,,,,,,,,,,,,,,,,,,,,,,,,,,,,,,,,,,,,,,,,,,,,,,,,,,,,,,,,,,,,
S/RES/1661,UNMEE,Eritrea,2006,14/03/2006,1,0,0,,,,,,,,,,,,,,,,,,,,,,,,,,,,,,,,,,,,,,,,,,,,,,,,,,,,,,,,,,,,,,,,,,,,,,,,,,,,,,,,,,,,,,,,,,,,,,,,,,,,,,,,,,,,,,,,,,,,,,,,,,,,,,,,,,,,,,,,,,,,,,,,,,,,,,,,,,,,,,,,,
S/RES/1678,UNMEE,Eritrea,2006,15/05/2006,1,0,0,,,,,,,,,,,,,,,,,,,,,,,,,,,,,,,,,,,,,,,,,,,,,,,,,,,,,,,,,,,,,,,,,,,,,,,,,,,,,,,,,,,,,,,,,,,,,,,,,,,,,,,,,,,,,,,,,,,,,,,,,,,,,,,,,,,,,,,,,,,,,,,,,,,,,,,,,,,,,,,,,
S/RES/1681,UNMEE,Eritrea,2006,31/05/2006,1,0,0,,,,,,,,,,,,,,,,,,,,,,,,,,,,,,,,,,,,,,,,,,,,,,,,,,,,,,,,,,,,,,,,,,,,,,,,,,,,,,,,,,,,,,,,,,,,,,,,,,,,,,,,,,,,,,,,,,,,,,,,,,,,,,,,,,,,,,,,,,,,,,,,,,,,,,,,,,,,,,,,,
S/RES/1710,UNMEE,Eritrea,2006,29/09/2006,1,0,0,,,,,,,,,,,,,,,,,,,,,,,,,,,,,,,,,,,,,,,,,,,,,,,,,,,,,,,,,,,,,,,,,,,,,,,,,,,,,,,,,,,,,,,,,,,,,,,,,,,,,,,,,,,,,,,,,,,,,,,,,,,,,,,,,,,,,,,,,,,,,,,,,,,,,,,,,,,,,,,,,
S/RES/1741,UNMEE,Eritrea,2007,30/01/2007,1,0,0,,,,,,,,,,,,,,,,,,,,,,,,,,,,,,,,,,,,,,,,,,,,,,,,,,,,,,,,,,,,,,,,,,,,,,,,,,,,,,,,,,,,,,,,,,,,,,,,,,,,,,,,,,,,,,,,,,,,,,,,,,,,,,,,,,,,,,,,,,,,,,,,,,,,,,,,,,,,,,,,,
S/RES/1767,UNMEE,Eritrea,2007,30/06/2007,1,0,0,,,,,,,,,,,,,,,,,,,,,,,,,,,,,,,,,,,,,,,,,,,,,,,,,,,,,,,,,,,,,,,,,,,,,,,,,,,,,,,,,,,,,,,,,,,,,,,,,,,,,,,,,,,,,,,,,,,,,,,,,,,,,,,,,,,,,,,,,,,,,,,,,,,,,,,,,,,,,,,,,
S/RES/1798,UNMEE,Eritrea,2008,30/01/2008,1,0,0,,,,,,,,,,,,,,,,,,,,,,,,,,,,,,,,,,,,,,,,,,,,,,,,,,,,,,,,,,,,,,,,,,,,,,,,,,,,,,,,,,,,,,,,,,,,,,,,,,,,,,,,,,,,,,,,,,,,,,,,,,,,,,,,,,,,,,,,,,,,,,,,,,,,,,,,,,,,,,,,,
S/RES/1827,UNMEE,Eritrea,2008,30/07/2008,1,0,0,,,,,,,,,,,,,,,,,,,,,,,,,,,,,,,,,,,,,,,,,,,,,,,,,,,,,,,,,,,,,,,,,,,,,,,,,,,,,,,,,,,,,,,,,,,,,,,,,,,,,,,,,,,,,,,,,,,,,,,,,,,,,,,,,,,,,,,,,,,,,,,,,,,,,,,,,,,,,,,,,
S/RES/1479,MINUCI,Ivory Coast,2003,13/05/2003,0,0,0,,3,,,,,,,,,,,,,,,,,,,,,,,,3,,,,,,,,,,,,3,,,,,,,,,,,,,,,,,,,,,,,,,,,,,,,,,,,,,,,,,,,,,,,,3,,,,,,,,,,,,,,,,3,,,,,,,,,,,,,,,,,,,,,,,,,,,,3,,,,,,,3,10,,,,5,,,,3,,,,,,,,,,,,,,,
S/RES/1514,MINUCI,Ivory Coast,2003,13/11/2003,1,0,0,,,,,,,,,,,,,,,,,,,,,,,,,,,,,,,,,,,,,,,,,,,,,,,,,,,,,,,,,,,,,,,,,,,,,,,,,,,,,,,,,,,,,,,,,,,,,,,,,,,,,,,,,,,,,,,,,,,,,,,,,,,,,,,,,,,,,,,,,,,,,,,,,,,,,,,,,,,,,,,,,
S/RES/1527,MINUCI,Ivory Coast,2004,04/02/2004,1,0,0,,,,,,,,,,,,,,,,,,,,,,,,,,,,,,,,,,,,,,,,,,,,,,,,,,,,,,,,,,,,,,,,,,,,,,,,,,,,,,,,,,,,,,,,,,,,,,,,,,,,,,,,,,,,,,,,,,,,,,,,,,,,,,,,,,,,,,,,,,,,,,,,,,,,,,,,,,,,,,,,,
S/RES/1528,UNOCI,Ivory Coast,2004,27/02/2004,0,0,0,,"6d, 6e, 6h",6h,,,"6e, 6f",,,,4,,,,,,,,,,,,,6i,,6n,6n,,,,"6e, 6f",,,,6n,,,,6p,,,,6p,,,,,,,,6q,,,,,,,,,,,6c,,,,,,,,,,,,,"6l, 6q",6j,,,,,,,,,,6m,6m,,,,,,,,,,,,,,,,,,,,6o,,,,,,,,,,,,,,,,,,,,,,,,,6k,,,,,,6c,,,,,,,,,,,,6a,,,,,,,,,,,,8
S/RES/1572,UNOCI,Ivory Coast,2004,15/11/2004,1,1,0,,,,,,,,,,"2j, 2n",,,,,,,"16, 18",,,,,,,,,,,,,,,,,,,,,,,,,,,,,,,,,,,,,,,,,,,,,,,,,,,,,,,,,,,,,,,,,,,,,,,,,,,,,,,,,,,,6,,,,,,,,,,,,,,,,,,,,,,,,,,,,,,,,,,,,,,,,,,,,,,,,,,,,,,,,,,,,
S/RES/1609,UNOCI,Ivory Coast,2005,24/06/2005,1,0,1,2i,"2d, 2e, 2h, 2i, 2j","2d, 2h, 2j",,,"2e, 2f",,,,2n,,,,,,,2m,2n,,,,,2k,,2t,2t,,,,"2e, 2f, 2o",,,,2t,,,,2w,,,,2w,,,,,,,,2x,,,,,,,,,,,2c,9,,,,,,,,,,,,"2p, 2x",2l,,,,,,,2s,,,,"2q, 2r",,,,,,,,,,,,,,,2v,,,,,2u,,,,,,,,,,,,,,,,,,,,,,,,,2o,,,,,,2c,,,,,,,10,,,,,2a,2a,2a,,,,,,,,,,8
S/RES/1633,UNOCI,Ivory Coast,2005,21/10/2005,1,0,0,,,,,,,,,,,,,,,,,,,,,,,,,,,,,,,,,,,,,,,,,,,,,,,,,,,,,,,,,,,,,,,,,,,,,,,,,,,,,,,,,,,,,,,,,,,,,,,,,,,,,,,,,,,,,,,,,,,,,,,,,,,,,,,,,,,,,,,,,,,,,,,,,,,,,,,,,,,,,,,,,
S/RES/1721,UNOCI,Ivory Coast,2006,01/11/2006,1,1,0,,,,,,,,,,,,,,,,,,,,,,,,,,,,,,,,,,,,,,,,,,15,,,,,,,,,,,,,,,,,,,,,,,,,,,,,,,,,,,,,,,,,,,,"17, 22",,,,,,,,,,,,,,,,,,,,,,,,,,,,,,,,,,,,,,,,,,,,,,,,,,,,,,,,,,18,,,,,,,,,,,,,,,,,
S/RES/1739,UNOCI,Ivory Coast,2007,10/01/2007,1,0,1,2c,"2b, 2c, 6",2b,,,2b,,,,2g,,,,,,,2g,2g,,,,,2f,,2k,2k,,,,"2b, 2h",,,,2k,,,,"2e, 2m",,,,"2e, 2m",,,,,,,,2m,,,,,,,,,,,2a,"2c, 6",,,,,,,,,,,,2i,2f,,,,,,,2j,,,,2j,,,,2d,,,,,,,,,,,2l,,2m,,,2l,,,,,,,,,,,,,,,,,,,,,,,,,2h,,,,,,2c,,,,,,,7,,,,,2a,2a,2a,,,,,,,,,,5
S/RES/1765,UNOCI,Ivory Coast,2007,16/07/2007,1,1,0,,,,,,,,,,,,,,,,,,,,,,,,,,2,,,,,,,,,,,,,,,,,,,,,,,,,,,,,,,,,,,,,,,,,,,,,,,,2,,,,,,,,,,,,"2, 6",,,,,,,,,,,,,,,,,,,,,,,,,,,,,,,,,,,,,,,,2,,,,,,,,,,,,,,,,,,,,,,,,,,,,10,,,,,,,
S/RES/1795,UNOCI,Ivory Coast,2008,15/01/2008,1,1,0,,,,,,,,,,,,,,,,,,,,,,,,,,,,,,,,,,,,,,,,,,,,,,,,,,,,,,,,,,,,,,,,,,,,,,,,,,,,,,,,,,,,,,"4, 9",,,,,,,,,,,,,,,,,,,,,,,,,,,,,,,,,,,,,,,,,,,,,,,,,,,,,,,,,,,,,,,,,,,,13,,,,,,,
S/RES/1826,UNOCI,Ivory Coast,2008,29/07/2008,1,1,0,,,,,,,,,,,,,,,,,,,,,,,,,,,,,,,,,,,,,,,,,,,,,,,,,,,,,,,,,,,,,,,,,,,,,,,,,,,,,,,,,,"2, 3",,,,"1, 2, 10",,,,,,,,,,,,,,,,,,,,,,,,,,,,,,,,,,,,,,,,,,,,,,,,,,,,,,,,,,p2,,,,,,,,,,17,,,,,,,
S/RES/1880,UNOCI,Ivory Coast,2009,30/07/2009,1,1,0,,20,,,,20,,,,,,,,,,,,,,,,,,,,26,,,,"16, 26",,,,"16, 26",,,,27,,,,,,,,,,,,27,,,,,,,,,,,,,,,,,,,,,,,,27,,,,,,,,20,,,,"6, 19, 20",,6,,,,,,,,,,,,,,,,,,22,,,,,,,,,,,,,,,,,,,,,,,,,,,,,,,,,,,,,,p2,,,,,,,,,,23,,,,,,,
S/RES/1893,UNOCI,Ivory Coast,2009,29/10/2009,1,1,0,,,,,,,,,,,,,,,,,,,,3,,,,,,,,,,,,,,,,,,,,,,,,,,,,,,,,,,,,,,,,,,,,,,,,,,,,,,,,,,,,,,,,,,,,,,,,,,,,,,,,,,,,,,,,,,,,,,,,,,,,,,,,,,,,,,,,,,,,,,,,,,,,,,,,,,,,,,,,,,,,,
S/RES/1911,UNOCI,Ivory Coast,2010,28/01/2010,1,1,0,,15,,,,15,,,,,,,,,,,,,,,,13,,,,15,,,,"13, 15",,,13,"13, 15",,,,,,,,,,,,,,,,,,,,,,,,,,,,,,,,,,,,,,,,,,,,,,,,15,,,,"14, 15",,,,,,,,,,,,,,,,,,,,,,,,,,,,,,,,,,,,,,,,,,,,,,,,,,,,,,,,,,,,,,,,,,,,18,,,,,,,
S/RES/1933,UNOCI,Ivory Coast,2010,30/06/2010,1,0,1,,"11, 16i",16i,,,16i,,,,16c,,,,,,,16c,16c,,,"16a, 16b",13,"16a, 16b",,,"16e, 13",,,,"16e, 16f",,13,,16e,,,,16k,,,,16k,,,,,,,,16j,,,,,,,,,,,16a,,,,,,,,,,,,,"16h, 16j",16j,,,,,,16g,"16b, 16g",,,16g,"4, 15, 16g",,,,,,,,,,,,,,,"16d, 16g",16d,,,,16d,,,,,,,,,,,,,,,,,,,,,,,,,16f,,,,,,16a,,16f,,,,,,,,,,,,,,,,,,,,,,17
S/RES/1962,UNOCI,Ivory Coast,2010,20/12/2010,1,1,0,,,,,,8,,,,,,,,,,,,,,,,9,15,,,,,,,"8, 9",,,,,,,,8,,,,,,,,,,,,,,,,,,,,,,,,1,,,,,,,,,,,,,11,,,,,,,,,,,8,,,,,,,,,,,,,,,,,,,,,,,,,,,,,,,,,,,,,,,,,,,,,,,,,,,,,9,,,,,,,,,,13,,,,,,,,,,,,14
S/RES/1967,UNOCI,Ivory Coast,2011,19/01/2011,1,1,0,,,,,,,,,,,,,,,,,,,,,,,,,,,,,,,,,,,,,,,,,,,,,,,,,,,,,,,,,,,,,,,,,,,,,,,,,,,,,,,,,,,,,,,,,,,,,,,,,,,,,,,,,,,,,,,,,,,,,,,,,,,,,,,,,,,,,,,,,,,,,,,,,,,,,,,,,,,,,,,,,"5, 8"
S/RES/1968,UNOCI,Ivory Coast,2011,16/02/2011,1,0,0,,,,,,,,,,,,,,,,,,,,,,,,,,,,,,,,,,,,,,,,,,,,,,,,,,,,,,,,,,,,,,,,,,,,,,,,,,,,,,,,,,,,,,,,,,,,,,,,,,,,,,,,,,,,,,,,,,,,,,,,,,,,,,,,,,,,,,,,,,,,,,,,,,,,,,,,,,,,,,,,,
S/RES/1980,UNOCI,Ivory Coast,2011,28/04/2011,1,1,0,,,,4,,,,,,5,,4,,,,,"5, 16",5,,3,,,,,,,,,,,,,,,,,,,,,,,,,,,,,,,,,,,,,,,,,,,,20,,,,,,,,3,,,,20,,,,,,,,,,,,,,,,,,,,,,,,,,,,,,,,,,,,,,,,,,,,,,,,,,,,,,,,,,,,,,,,,,,,,,,,,,,,,,,,,,,,,
S/RES/1981,UNOCI,Ivory Coast,2011,13/05/2011,1,1,0,,,,5,,,,,,5,,,,,,,,,,,,,,,,,,,,,,,,,,,,,,,,,,,,,,,,,,,,,,,,,,,,,,,,,,,,,,,,,,,,,,,,,,,,,,,,,,,,,,,,,,,,,,,,,,,,,,,,,,,,,,,,,,,,,,,,,,,,,,,,,,,,,,,,,,,,,,,,,,,,,,,
S/RES/1992,UNOCI,Ivory Coast,2011,29/06/2011,1,0,0,,,,,,,,,,,,,,,,,,,,,,,,,,,,,,,,,,,,,,,,,,,,,,,,,,,,,,,,,,,,,,,,,,,,,,,,,,,,,,,,,,,,,,,,,,,,,,,,,,,,,,,,,,,,,,,,,,,,,,,,,,,,,,,,,,,,,,,,,,,,,,,,,,,,,,,,,,,,,,,,,
S/RES/2000,UNOCI,Ivory Coast,2011,27/07/2011,1,1,0,,7e,,,,7e,,,,"7c, 7d",7d,,,,,,7c,7c,,,"7a, 7b",,"7a, 7b",,"7a, 7g","7a, 7g",,,7a,"7e, 7g",,,,"7a, 7f, 7g",,,,7f,,,,"7b, 7f",,,,,,,,7f,,,,,,,,7f,,,7b,"7b, 15",,,,7d,,,,,,,,"7f, 7k",,,,,,,7j,"7b, 7i",,,,"6,  7i",,,,,,,,,,,,,,,7j,7j,,,,7j,,,,,,,,7f,,,,"7d, 7f",,,,,,,,,,,,7h,7h,,,,,,,7h,"7a, 7h",,,,,,,,,,,,,,,,,,,,,,8
S/RES/2062,UNOCI,Ivory Coast,2012,26/07/2012,1,1,0,,"1, 2",,,,"1, 2",,,,1,1,,,,,,1,1,,,1,,"1, 2",,,1,,13,1,1,,,,1,,,,"1, 2, 8",,,,"1, 2, 8",,,,,,,,1,,,,,,"10, 13",,1,,,1,"1, 19, 20",,,,1,,,,,,,,"1, 8",,,,,,,1,1,,,,"1, 16",,,,,,,,,,,,,,,1,1,,,,1,,,,,,,,1,,,,1,,10,,,,,,,,,,,1,,,,,,,,1,,,,,,,,,,,,,,,,,,,,,,5
S/RES/2112,UNOCI,Ivory Coast,2013,25/04/2013,1,1,0,,"6c, 8",,11,,"6c, 8",,11,,"6c, 6e, 8",6c,,,,,,6e,6e,,,"5, 6a",6b,"6a, 6b",9,6f,"6d, 6f",,17,6f,"6c, 6d, 6f",,,,"6d, 6f",,,,"6d, 8",,,,"6d, 8",,,,,,,,6d,,,6f,,,17,,6d,,,,6b,,26,,,,,,,,,,6i,6b,,,,,,,,,,,,,,,,,,,,,,,,,,6h,,,,,6h,,,,,,,,19,,,,,,,,,,,,,,,,6g,6g,,,,,,,6g,6g,,,,,,,,,,,,,,,,,,,,,,7
S/RES/2101,UNOCI,Ivory Coast,2013,25/04/2013,1,1,0,,,,,,,,,,,,12,,,,,,,,,,,,,,,,,,,,,,,,,,,,,,,,,,,,,,,,,,,,,,,,,,,,"11, 27",,,,,,,,,,,,,,,,,,,,,,,,,,,,,,,,,,,,,,,,,,,,,,,,,,,,,,,,,,,,,,,,,,,,,,,,,,,,,,,,,,,,,,,,,,,,,,,,,
S/RES/2153,UNOCI,Ivory Coast,2014,29/04/2014,1,1,0,,,,,,,,,,,,20,,,,,,,,,,,,,,,,,,,,,,,,,,,,,,,,,,,,,,,,,,,,,,,,,,,,"19, 33",,,,,,,,,,,,,,,,,,,,,,,,,,,,,,,,,,,,,,,,,,,,,,,,,,,,,,,,,,,,,,,,,,,,,,,,,,,,,,,,,,,,,,,,,,,,,,,,,
S/RES/2162,UNOCI,Ivory Coast,2014,25/06/2014,1,1,0,,"6, 19b, 19d, 21",,,,"6, 19b, 19d, 21",,,,"19d, 19f, 21",,,,,,,19f,19f,,,19a,,"19a, 19c",,19g,19g,,"15, 16",19g,"19d, 19g",,,,"19e, 19g",,,,"19b, 19e, 21",,,,"19b, 19c, 19e, 21",,,,,,19a,,,,,19g,,,16,,,,,,19c,19c,36,,,,,,,,,,,,,,,,,,19c,,,,19b,,,,,,,,,,,,19b,,,19i,,,,,19i,,,,,,,,"2, 19b",,,,19b,,,,,,,,,,,,19h,19h,,,,,,,19h,"19a, 19h",,,,,,,,,,,,,,,,,,,,,,20
S/RES/2219,UNOCI,Ivory Coast,2015,28/04/2015,1,1,0,,,,,,,,,,,,21,,,,,,,,,,,,,,,,,,,,,,,,,,,,,,,,,,,,,,,,,,,,,,,,,,,,"20, 34",,,,,,,,,,,,,,,,,,,,,,,,,,,,,,,,,,,,,,,,,,,,,,,,,,,,,,,,,,,,,,,,,,,,,,,,,,,,,,,,,,,,,,,,,,,,,,,,,
S/RES/2226,UNOCI,Ivory Coast,2015,25/06/2015,1,1,0,,"6, 19d, 21",,,,"6, 19d, 21",,,,"19d, 19f, 21",,,,,,,19f,19f,,,19a,,"19a, 19c",,19g,19g,"19e, 19g","15, 16",19g,"19d, 19e, 19g",,,,"19e, 19g",,16,,"19e, 21",,,,"19e, 21",,,,,,19a,,,,,19g,19g,,,,,,,,19c,19c,35,,19d,,,,,,,,,,,,,,,,19c,,,,19b,,,,,,,,,,,,19b,,,19i,,,,,19i,,,,,,,,19b,,,,19b,,,,,,,,,,,,19h,19h,,,,,,,19h,19h,,,,,,,,,,,,,,,,,,,,,,20
S/RES/2260,UNOCI,Ivory Coast,2016,20/01/2016,1,0,0,,,,,,,,,,,,,,,,,,,,,,,,,,,,,,,,,,,,,,,,,,,,,,,,,,,,,,,,,,,,,,,,,,,,,,,,,,,,,,,,,,,,,,,,,,,,,,,,,,,,,,,,,,,,,,,,,,,,,,,,,,,,,,,,,,,,,,,,,,,,,,,,,,,,,,,,,,,,,,,,,
S/RES/2284,UNOCI,Ivory Coast,2016,28/04/2016,1,0,1,,,,,,,,,,15c,,,,,,,,,,,,,"15a, 15d",,15e,15e,,,,15e,,,,15e,,,,15c,,,,15c,,,,,,,,,,,,,,,,,,,,15d,,,,,,,,,,,,,,,,,,,,,,,,,,,,,,,,,,,,,,,,,,,,15f,,,,,,,,15b,,,,15b,,,,,,,,,,,,15e,15e,,,,,,,15e,15e,,,,,,,,,,,,,,,,,,,,,,16
S/RES/866,UNOMIL,Liberia,1993,22/09/1993,0,0,0,3b,3e,,,,,,,,,,,,,,,3b,,,,,,,,3f,,,,,,,,,,,,,,,,,,,,,,,,,,,,,,,,,,,,3b,,,,,3g,,,,,,,,,,,,,,,,,,,3c,,,,,,,,,,,,,,,,,,,,,,,,,,,,,,,,,,,,,,,,,,,,,3d,,,,,,,,,,,,,,,,,,,3a,,,,,,,,,,,,
S/RES/972,UNOMIL,Liberia,1995,13/01/1994,1,0,0,,,,,,,,,,,,,,,,,,,,,,,,,,,,,,,,,,,,,,,,,,,,,,,,,,,,,,,,,,,,,,,,,,,,,,,,,,,,,,,,,,,,,,,,,,,,,,,,,,,,,,,,,,,,,,,,,,,,,,,,,,,,,,,,,,,,,,,,,,,,,,,,,,,,,,,,,,,,,,,,,
S/RES/911,UNOMIL,Liberia,1994,21/04/1994,1,0,0,,,,,,,,,,,,,,,,,,,,,,,,,,,,,,,,,,,,,,,,,,,,,,,,,,,,,,,,,,,,,,,,,,,,,,,,,,,,,,,,,,,,,,,,,,,,,,,,,,,,,,,,,,,,,,,,,,,,,,,,,,,,,,,,,,,,,,,,,,,,,,,,,,,,,,,,,,,,,,,,,
S/RES/950,UNOMIL,Liberia,1994,21/10/1994,1,0,0,,,,,,,,,,,,,,,,,,,,,,,,,,,,,,,,,,,,,,,,,,,,,,,,,,,,,,,,,,,,,,,,,,,,,,,,,,,,,,,,,,,,,,,,,,,,,,,,,,,,,,,,,,,,,,,,,,,,,,,,,,,,,,,,,,,,,,,,,,,,,,,,,,,,,,,,,,,,,,,,,
S/RES/985,UNOMIL,Liberia,1995,13/04/1995,1,0,0,,,,,,,,,,,,,,,,,,,,,,,,,,,,,,,,,,,,,,,,,,,,,,,,,,,,,,,,,,,,,,,,,,,,,,,,,,,,,,,,,,,,,,,,,,,,,,,,,,,,,,,,,,,,,,,,,,,,,,,,,,,,,,,,,,,,,,,,,,,,,,,,,,,,,,,,,,,,,,,,,
S/RES/1001,UNOMIL,Liberia,1995,30/06/1995,1,0,0,,,,,,,,,,,,,,,,,,,,,,,,,,,,,,,,,,,,,,,,,,,,,,,,,,,,,,,,,,,,,,,,,,,,,,,,,,,,,,,,,,,,,,,,,,,,,,,,,,,,,,,,,,,,,,,,,,,,,,,,,,,,,,,,,,,,,,,,,,,,,,,,,,,,,,,,,,,,,,,,,
S/RES/1014,UNOMIL,Liberia,1995,15/09/1995,1,0,0,,,,,,,,,,,,,,,,,,,,,,,,,,,,,,,,,,,,,,,,,,,,,,,,,,,,,,,,,,,,,,,,,,,,,,,,,,,,,,,,,,,,,,,,,,,,,,,,,,,,,,,,,,,,,,,,,,,,,,,,,,,,,,,,,,,,,,,,,,,,,,,,,,,,,,,,,,,,,,,,,
S/RES/1020,UNOMIL,Liberia,1995,10/11/1995,1,1,0,2c,2d,,,,,,,,,,,2c,,,,2c,,,,,,,,2f,2f,,,,,,,,,,,,,,,,,,,,,,,,,,,,,,,,,,,,,,,,,,,,,,,,,,,,,,,,,,,2g,,,,,,,,,,,,,,,,,,,,,,,,,,,,,,,,,,,,,,,,,,,,,2e,,,,,,,,,,,,,,,,,,,2b,,,,,,,,,,,,
S/RES/1041,UNOMIL,Liberia,1996,29/01/1996,1,0,0,,,,,,,,,,,,,,,,,,,,,,,,,,,,,,,,,,,,,,,,,,,,,,,,,,,,,,,,,,,,,,,,,,,,,,,,,,,,,,,,,,,,,,,,,,,,,,,,,,,,,,,,,,,,,,,,,,,,,,,,,,,,,,,,,,,,,,,,,,,,,,,,,,,,,,,,,,,,,,,,,
S/RES/1050,UNOMIL,Liberia,1996,31/05/1996,1,0,0,,,,,,,,,,,,,,,,,,,,,,,,,,,,,,,,,,,,,,,,,,,,,,,,,,,,,,,,,,,,,,,,,,,,,,,,,,,,,,,,,,,,,,,,,,,,,,,,,,,,,,,,,,,,,,,,,,,,,,,,,,,,,,,,,,,,,,,,,,,,,,,,,,,,,,,,,,,,,,,,,
S/RES/1071,UNOMIL,Liberia,1996,30/08/1996,1,0,0,,,,,,,,,,,,,,,,,,,,,,,,,,,,,,,,,,,,,,,,,,,,,,,,,,,,,,,,,,,,,,,,,,,,,,,,,,,,,,,,,,,,,,,,,,,,,,,,,,,,,,,,,,,,,,,,,,,,,,,,,,,,,,,,,,,,,,,,,,,,,,,,,,,,,,,,,,,,,,,,,
S/RES/1083,UNOMIL,Liberia,1996,27/11/1996,1,0,0,,,,,,,,,,,,,,,,,,,,,,,,,,,,,,,,,,,,,,,,,,,,,,,,,,,,,,,,,,,,,,,,,,,,,,,,,,,,,,,,,,,,,,,,,,,,,,,,,,,,,,,,,,,,,,,,,,,,,,,,,,,,,,,,,,,,,,,,,,,,,,,,,,,,,,,,,,,,,,,,,
S/RES/1100,UNOMIL,Liberia,1997,27/03/1997,1,0,0,,,,,,,,,,,,,,,,,,,,,,,,,,,,,,,,,,,,,,,,,,,,,,,,,,,,,,,,,,,,,,,,,,,,,,,,,,,,,,,,,,,,,,,,,,,,,,,,,,,,,,,,,,,,,,,,,,,,,,,,,,,,,,,,,,,,,,,,,,,,,,,,,,,,,,,,,,,,,,,,,
S/RES/1116,UNOMIL,Liberia,1997,27/06/1997,1,0,0,,,,,,,,,,,,,,,,,,,,,,,,,,,,,,,,,,,,,,,,,,,,,,,,,,,,,,,,,,,,,,,,,,,,,,,,,,,,,,,,,,,,,,,,,,,,,,,,,,,,,,,,,,,,,,,,,,,,,,,,,,,,,,,,,,,,,,,,,,,,,,,,,,,,,,,,,,,,,,,,,
S/RES/1509,UNMIL,Liberia,2003,19/09/2003,0,0,1,3d,"3c, 3g",3c,,,,,,,,,,,,,,,,,,,,3j,,3m,"3l, 3m",,,,3l,,,,"3l, 11",,,3n,3n,,,,3o,,,,,,,,3q,,,,,,,,3q,,,,,,,,,,,,3r,,,,"3p, 3q",3i,,,,,,,,,,,3s,,,,,,,,,,,,,,,,,,,,,,,,,,,,,,,,,,,,,,,,,,,,3k,3k,,,,,,,3l,,6,,,,11,,3q,,,3a,3a,,,,,,,,,,,
S/RES/1521,UNMIL,Liberia,2003,22/12/2003,0,1,0,,,,,,,,,,,,,,,,,,,,,,,,,,,,,,,,,,,,,,,,,,,,,,,,,,,,,,,,,,,,,,,,,,,,,,,,,,,,,,,,,,,,,,,,,,,,,,,,,,,,,,,,,,25,,,,,,,,,,,,,,,,,,,,,,,,,,,,,,,,,,,,,,,,,,,,,,,,,,,,,,,
S/RES/1561,UNMIL,Liberia,2004,17/09/2004,1,0,0,,,,,,,,,,,,,,,,,,,,,,,,,,,,,,,,,,,,,,,,,,,,,,,,,,,,,,,,,,,,,,,,,,,,,,,,,,,,,,,,,,,,,,,,,,,,,,,,,,,,,,,,,,,,,,,,,,,,,,,,,,,,,,,,,,,,,,,,,,,,,,,,,,,,,,,,,,,,,,,,,
S/RES/1607,UNMIL,Liberia,2005,21/06/2005,1,1,0,,,,,,,,,,,,,,,,,,,,,,,,,,,,,,,,,,,,,,,,,,,,,,,,,,,,,,,,,,,,,,,,12,,,,,,2,,10,,,,,,,,,,,,,,,,,,,,,,,,,,,,,,,,,,,,,,,,,,,,,,,,,,,,,,,,,,,,,,,,,,,,,,,,,,,,,,,,,,,,,,,,,
S/RES/1626,UNMIL,Liberia,2005,19/09/2005,1,1,0,,,,,,,,,,,,,,,,,,,,,,,,,,,,,,,,,,,,,,,,,,,,,,,,,,,,,,,,,,,,,,,,11,,,,,,,,,,,,,,,,,,,,,,,,,,,,,,,,,,,,,,,,,,,,,,,,,,,,,,,,,,,,,,,,,,,,,,,,,,,,,,,,,,,,,,,,,,,,,,,,,
S/RES/1638,UNMIL,Liberia,2005,11/11/2005,1,1,0,,,,,,,,,,,,,,,,,,,,,,,,,,,,,,,,,,,,,,,,,,,,,,,,,,,,,,,,,,,,,,,,,,,,,,,,,,,,,,,,,,,,,,,,,,,,,,,,,,,,,,,,,,,,,,,,,,,,,,,,,,,,,,,,,,,,,,,,,,,,,,,,,,,,,,,,,,,,,,,,,
S/RES/1647,UNMIL,Liberia,2005,20/12/2005,1,1,0,,,,,,,,,,,,,,,,,,,,,,,,,,,,,,,,,,,,,,,,,,,,,,,,,,,,,,,,,,,,,,,,,,,,,,,,5,,,,,,,,,,,,,,,,,,,,,,,,,,,,,,,,,,,,,,,,,,,,,,,,,,,,,,,,,,,,,,,,,,,,,,,,,,,,,,,,,,,,,,,,,
S/RES/1667,UNMIL,Liberia,2006,31/03/2006,1,0,0,,,,,,,,,,,,,,,,,,,,,,,,,,,,,,,,,,,,,,,,,,,,,,,,,,,,,,,,,,,,,,,,,,,,,,,,,,,,,,,,,,,,,,,,,,,,,,,,,,,,,,,,,,,,,,,,,,,,,,,,,,,,,,,,,,,,,,,,,,,,,,,,,,,,,,,,,,,,,,,,,
S/RES/1683,UNMIL,Liberia,2006,13/06/2006,0,1,0,,,,,,,,,,,,,,,,,4,4,,,,,,,,,,,,,,,,,,,,,,,,,,,,,,,,,,,,,,,,,,,,,,,,,,,,,,,,,,,,,,,,,,,,,,,,,,,,,,,,,,,,,,,,,,,,,,,,,,,,,,,,,,,,,,,,,,,,,,,,,,,,,,,,,,,,,,,,,,,,,,,
S/RES/1689,UNMIL,Liberia,2006,20/06/2006,,,,,,,,,,,,,,,,,,,,,,,,,,,,,,,,,,,,,,,,,,,,,,,,,,,,,,,,,,,,,,,,,,,,,,,,,,,,,,,,,,,,,,,,,,,,,,,,,,,,,,,,,,,,,,,,,,,,,,,,,,,,,,,,,,,,,,,,,,,,,,,,,,,,,,,,,,,,,,,,,,,,
S/RES/1694,UNMIL,Liberia,2006,13/07/2006,1,1,0,,,,,,,,,,,,,,,,,,,,,,,,,,,,,,,,,,,,,,,,,,,,,,,,,,,,,,,,,,,,,,,,,,,,,,,,,,,,,,,,,,,,,,,,,,,,,,,,,,,,,,,,,,,,,,,,,,,,,,,,,,,,,,,,,,,,,,,,,,,,,,,,,,,,,,,,,,,,,,,,,
S/RES/1712,UNMIL,Liberia,2006,29/09/2006,1,1,0,,,,,,5,,,,,,,,,,,,,,,,,,,,,,,,,,,,,,,,5,,,,5,,,,,,,,5,,,,,,,,,,,,,,,,,,,,5,,,,5,,,,,,,,,,,,,,,,,,,,,,,,,,,,,,,,,,,,,,,,5,,,,,,,,,,,,5,,,,,,,,,,,,,,,,,,,,,,,,,,,,,,,,,,,
S/RES/1750,UNMIL,Liberia,2007,20/03/2007,1,1,0,,,,,,,,,,,,,,,,,,,,,,,,,,,,,,,,,,,,,,,,,,,,,,,,,,,,,,5,5,,,,,,,,,,,,,,,,,,,,,,,,,,,,,,,,,,,,,,,,,,,,,,,,,,,,,,,,,,,,,,,,,,,,,,,,,,,,,,,,,,,,,,,,,,,,,,,,,,,,,,,,,,
S/RES/1777,UNMIL,Liberia,2007,20/09/2007,1,1,0,,,,,,,,,,,,,,,,,,,,,,,,,,,,,,,,,,,,,,,,,,,,,,,,,,,,,,,,,,,,,,,,,,,,,,,,,,,,,,,,,,,,,,,,,,,,,,,,,,,,,,,,,,,,,,,,,,,,,,,,,,,,,,,,,,,,,,,,,,,,,,,,,,,,,,,,,,,,,,,,,
S/RES/1819,UNMIL,Liberia,2008,18/06/2008,1,1,0,,,,,,,,,,,,,,,,,6,6,,,,,,,,,,,,,,,,,,,,,,,,,,,,,,,,,,,,,,,,,,,,,,,,,,,,,,,,,,,,,,,,,,,,,,,,,,,,,,,,,,,,,,,,,,,,,,,,,,,,,,,,,,,,,,,,,,,,,,,,,,,,,,,,,,,,,,,,,,,,,,,
S/RES/1836,UNMIL,Liberia,2008,29/09/2008,1,1,0,,,,,,,,,,,,,,,,,,,,,,,,,,,,,,,,,,,,,,,,,,,,,,,,,,,,,,,,,,,,,,,,,,,,,,,,,,,,,,,,,,,,,,,,,,,,,,,,,,,,,,,,,,,,,,,,,,,,,,,,,,,,,,,,,,,,,,,,,,,,,,,,,,,,,,,,,,,,,,,,,
S/RES/1885,UNMIL,Liberia,2009,15/12/2009,1,1,0,,,,,,,,,,,,,,,,,,,,,,,,,,,,,,,,,,,,,,10,,,,10,,,,,,,,10,,,,,,,,,,,,,,,,,,,,,,,,,,,,,,,,2,,,,2,,,,,,,,2,,,,,,,,,,,,,,,,,,,,,,,,,,,,,,,,,,,,,,,,,,,,,,,,,,,,,,,,,,,,,,,,,,,
S/RES/1938,UNMIL,Liberia,2010,15/09/2010,1,1,0,,,,,,,,,,,,,,,,,,,,,,,,,,,,,,,,,,,,,,10,,,,10,,,,,,,,10,,,,,,,,,,,,,,,,,,,,,,,,,,,,,,,,2,,,,2,,,,,,,,2,,,,,,,,,,,,,,,,,,,,,,,,,,,,,,,,,,,,,,,,,,,,,,,,,,,,,,,,,,,,,,,,,,,
S/RES/1971,UNMIL,Liberia,2011,03/03/2011,,,,,,,,,,,,,,,,,,,,,,,,,,,,,,,,,,,,,,,,,,,,,,,,,,,,,,,,,,,,,,,,,,,,,,,,,,,,,,,,,,,,,,,,,,,,,,,,,,,,,,,,,,,,,,,,,,,,,,,,,,,,,,,,,,,,,,,,,,,,,,,,,,,,,,,,,,,,,,,,,,,,
S/RES/2008,UNMIL,Liberia,2011,16/09/2011,1,1,0,,,,,,,,,,,,,,,,,,,,,,,,,,,,p2,,,,,,13,,,,11,,p1,,11,,,,,,,,11,,,,,,,,,,,,12,,,,,,,,,,,,,,,,,,,,3,,,,3,,,,,,,,2,,,,,,,,,,,,,,,,,,,,,,,,,,,,,,,,,,,,,,,,,,,,,,,,14,,,,,,,,,,,,,,,,,,,
S/RES/2066,UNMIL,Liberia,2012,17/09/2012,1,1,0,,,,,,,,,,,,,,,,,,,,,,2,,,,,,3,,,,,,"7, 9",,,,"p. 1, 2, 7, 18",,8,,"7, 18",,8,,,,,,18,,8,,,,,,,,,,19,,"13, 3",,,,,,,,,,,,3,,,,3,,,,,,,,,,,,,,,,,,,,,,,,,,,,10,,,,,,,,8,,,,,,,,,,,,,,,,,,,,,,,,,,11,,,,,,8,,,,,,,,,,,,,
S/RES/2116,UNMIL,Liberia,2013,18/09/2013,1,1,0,,,,,,,,,,,,,,,,,,,,,,,,,,,,"p.2, 7",,"p.3, 10",,,,10,,,,"p.2, 8, 19",,9,,"p.2, 8",,9,,,,,,"8, 19",,9,,,,,,,,,13,"13, 20",,"7, 14",,,,,,,,,,,,7,,,,7,,,,,,,,,,,,,,,,,,,,,,,,,,,,11,,,,,,,,"7, 9",,,,,,,,,,,,,,,,,,,,,,13,,,,12,,,,,,9,,,,,,,,,,,,,
S/RES/2128,UNMIL,Liberia,2013,10/12/2013,1,1,0,,,,,,,,,,,,,,,,,,,,,,,,,,,,,,,,,,,,,,"p.2, 9",,,,9,,,,,,,,,,,,,,,,,,,,p.2,,,,,,,,,,,,,,,,,,,,,,,,,,,,,,,,,,,,,,,,,,,,,,,,,,,,,,,,,,,,,,,,,,,,,,,,,,,,,,,,,,,,,,,,,,,,,,,,,,,
S/RES/2176,UNMIL,Liberia,2014,15/09/2014,1,0,0,,,,,,,,,,,,,,,,,,,,,,,,,,,,,,,,,,,,,,,,,,,,,,,,,,,,,,,,,,,,,,,,,,,,,,,,,,,,,,,,,,,,,,,,,,,,,,,,,,,,,,,,,,,,,,,,,,,,,,,,,,,,,,,,,,,,,,,,,,,,,,,,,,,,,,,,,,,,,,,,,
S/RES/2190,UNMIL,Liberia,2014,15/12/2014,1,0,1,,,,18,,,,,,,,,,,,,,,,,,,"10a, 10a(i)",,10e(i),"7, 10e, 10e(i)",,,10e(i),10e(i),,,10e(i),"10e(i), 10e(ii)",,,,"3, 6, 7, 10c, 10c(i), 10c(ii), 11",,,,"3, 6, 7, 10c, 10c(i)",,,,,,,,"3, 7, 10c, 10c(ii)",,,,,,,,10c(ii),,,,10c(ii),,18,,,,,,,,,,10c(iii),,,,,,,,10d(i),,,,"10d, 10d(i)",,,,,,,,10d(i),,,,,,,,,,,,,,,,,,,,3,,,,,,,,,,,,,,,,"10b, 10b(i)",10b(i),,,10b(ii),,,,,,18,,,,,,3,,,,,,,,,,,,,,,
S/RES/2215,UNMIL,Liberia,2015,02/04/2015,1,0,1,,,,2,,,,,,,,,,,,,,,,,,,2,,2,2,,,2,2,,,2,2,,,,2,,,,2,,,,,,,,2,,,,,,,,2,,,,2,,"2, 5",,,,,,,,,,2,,,,,,,,,,,,,,,,,,,,,,,,,,,,,,,,,,,,,,,,2,,,,,,,,,,,,,,,,2,2,,,2,,,,,,2,,,,,,2,,,,,,,,,,,,,,,
S/RES/2239,UNMIL,Liberia,2015,17/09/2015,1,0,1,,,,19,,,,,,,,,,,,,,,,,,16,"10a, 10a(i)",,10c(i),"10c, 10c(i)",,,10c(i),10c(i),,,10c(ii),10c(ii),,,,"3, 10b, 10b(i), 10b(ii), 11",,,,"3, 10b, 10b(i), 10b(ii), 11",,,,,,,,"3, 10b, 10b(ii)",,,,,,,,10b(ii),,,,,,19,,,,,,,,14,,,,,,,,,,,,,,,,,,,,,,,,,,,,,,,,,,11,,,,,,,,3,,,,,,,,,,,,,,,,,,,,,,,,,,19,,,,,,,,,,,,,,,,,,,,,
S/RES/2308,UNMIL,Liberia,2016,14/09/2016,1,0,1,,,,,,,,,,,,,,,,,,,,,,1,1,,1,1,,,1,1,,,1,1,,,,1,,,,1,,,,,,,,1,,,,,,,,1,,,,,,,,,,,,,,,,,,,,,,,,,,,,,,,,,,,,,,,,,,,,,,,,,,,,,,,,,,,,,,,,,,,,,,,,,,,,,,,,,,,,,,,,,,,,,,,,,,,,,,,
S/RES/2333,UNMIL,Liberia,2016,23/12/2016,1,0,1,,,,,,,,,,,,,,,,,,,,,,,"11a, 11a(i)",,11c(i),"11c, 11c(i)",,,11c(i),11c(i),,,11c(i),"4, 11c(ii)",,,,"4, 11b(i)",,,,4,,,,,,,,4,,,,,,,,,,,,,,,,,,,,,,,,,,,,,,,,11b(i),,,,12,,,,,,,,,,,,,,,,,,,,"11d, 11d(i)",,,,,,,,4,,,,4,,,,,,,,,,,,,,,,,,,,,,,,,,,,4,,,,,,,,,,,,,,,
S/RES/2100,MINUSMA,Mali,2013,25/04/2013,0,0,0,,"11, 16a(v)",,,,"11, 16a(v)",,,,16a(iv),,28,,,,,31,,,,,,"16c, 16c(i), 26",,"16d(i), 16d(ii), 16d(iii)","16d, 16d(i), 16d(iv)",,,16d(iii),"16a(v), 16c(ii), 26",,,16d(iii),16c(ii),,,,"11, 16a(iii)",,,,"11, 16a(iii)",,,,,,,,16a(iii),,,,16g,,,,,,,,,,,,16a(iv),,,,,,,,16a(ii),,,,16b(i),,,,16b(iv),,,,16b(iv),,,,,,,,,,,,16b(iii),,,,,,,,,,,,,,,,16b(i),,,,16b(iii),,,,,,,,,,,,,16e,,,,,,,16e,"16e, 26",,,"16b(iii), 25",,,,,,,,"4, 11",,,,,,,,,16f,,17
S/RES/2164,MINUSMA,Mali,2014,25/06/2014,1,1,0,,"5, 13b(iii), 13b(iv)",,,,13b(iv),,,,"13c(iii), 32",,,,,,,18,18,,,,16,"13a, 13a(ii), 16",,13c(v),"13c(iv),  13c(v)",,,13c(vi),"13a(iii), 13b(iv)",13a(iii),,13c(vi),13a(iii),"13a(iii), 16",,,13c(ii),,,,13c(ii),,,,,,,,,,,,13b(vi),,,,,,,,,,,,13c(iii),,,,,,,,13c(i),,,,,,,,13b(v),,,,13b(v),13b(v),,,,,,,,,,,"13b(ii), 4a(vi)",,,,,,,,20,,,,,,,,"13b(i), 13b(ii)",,,,13b(ii),,,,,,,,,,,,13c,,,,,,,,13c(vii),13c(vii),,,"13b(ii), 15",,,,,,,,13a(v),,,,"6, 7",,,,,14b,,13
S/RES/2227,MINUSMA,Mali,2015,29/06/2015,1,1,0,,14b(ii),,,,14b(ii),,,,"14d(iv), 34",,,,,,,,,,,,,"14d, 14d(i)",,14e(i),14e(i),,,14e(ii),"14e(ii), 24",14d(iii),,14e(ii),"14d(iii), 14e(ii)",14d(iii),,,14b(ii),,,,14b(ii),,,,,,,,,,,,"14b(iii), 14e(i)",,,,,,,,,,,,13d(iv),,,,,,,,,,,,,,,,14b(iv),,,,14b(iv),14b(iv),,,,,,,,,,,14c,,,,,,,,20,,,,,,,,"14b(iii), 14c",,,,14c,,,,,,,,,,,,,15f,,,,,,,14f(i),"14f(i), 15f",,,"14c, 23",,,,,,,"14a, 14b(ii)",14a,,,,,,,,,14h,,13
S/RES/2295,MINUSMA,Mali,2016,29/06/2016,1,1,0,,"19a(ii), 19v",,,,"19a(ii), 19a(v)",,,,"20b, 45",,,,,,,20d,20d,,,22,"19c(ii), 20a","19c, 19c(i), 19d",,19f(ii),19f(i),,,19f(ii),28,19c(iii),,19f(ii),19c(iii),,,,19a(ii),,,,19a(ii),,,,,"19c(ii), 19d",,,,,,,"19a(iii), 19f(i)",,,,,,,,,,,,20b,,,,,,,,"16, 19a(ii)",,,,,,,,19a(iv),,,,19a(iv),19a(iv),,,,,,,,,,,"19a(v), 19b",,,,,,,,23,,,,,,,,"19a(iii), 19b, 19f(i)",,,,19b,,,,,,,,,,,,,19g,,,,,,,19g,19g,,26,"19a(v), 26",,,,,,,19a(ii),19a(ii),,,,,,,,,20c,,17
S/RES/690,MINURSO,Morocco,1991,29/04/1991,0,0,0,,,,,,,,,4,,,,4,,,,,,,,,,,,,,,,,,,,,,,,4,,,,,,,,,,,,,,,,,,,,,,,,,,,,,,,,,,,,,,,,,,,,,4,,,,4,,,,,,,,,,,,,,,,,,,,,,,,,,,,,,,,,,,,,,,,,,,,,,,,,,,,,4,,,,,,,,,,4,,,,,,,,,,,,
S/RES/973,MINURSO,Morocco,1995,13/01/1995,1,0,0,,,,,,,,,,,,,,,,,,,,,,,,,,,,,,,,,,,,,,,,,,,,,,,,,,,,,,,,,,,,,,,,,,,,,,,,,,,,,,,,,,,,,,,,,,,,,,,,,,,,,,,,,,,,,,,,,,,,,,,,,,,,,,,,,,,,,,,,,,,,,,,,,,,,,,,,,,,,,,,,,
S/RES/995,MINURSO,Morocco,1995,26/05/1995,1,0,0,,,,,,,,,,,,,,,,,,,,,,,,,,,,,,,,,,,,,,,,,,,,,,,,,,,,,,,,,,,,,,,,,,,,,,,,,,,,,,,,,,,,,,,,,,,,,,,,,,,,,,,,,,,,,,,,,,,,,,,,,,,,,,,,,,,,,,,,,,,,,,,,,,,,,,,,,,,,,,,,,
S/RES/1002,MINURSO,Morocco,1995,30/06/1995,1,0,0,,,,,,,,,,,,,,,,,,,,,,,,,,,,,,,,,,,,,,,,,,,,,,,,,,,,,,,,,,,,,,,,,,,,,,,,,,,,,,,,,,,,,,,,,,,,,,,,,,,,,,,,,,,,,,,,,,,,,,,,,,,,,,,,,,,,,,,,,,,,,,,,,,,,,,,,,,,,,,,,,
S/RES/1017,MINURSO,Morocco,1995,22/09/1995,1,0,0,,,,,,,,,,,,,,,,,,,,,,,,,,,,,,,,,,,,,,,,,,,,,,,,,,,,,,,,,,,,,,,,,,,,,,,,,,,,,,,,,,,,,,,,,,,,,,,,,,,,,,,,,,,,,,,,,,,,,,,,,,,,,,,,,,,,,,,,,,,,,,,,,,,,,,,,,,,,,,,,,
S/RES/1042,MINURSO,Morocco,1996,31/01/1996,1,0,0,,,,,,,,,,,,,,,,,,,,,,,,,,,,,,,,,,,,,,,,,,,,,,,,,,,,,,,,,,,,,,,,,,,,,,,,,,,,,,,,,,,,,,,,,,,,,,,,,,,,,,,,,,,,,,,,,,,,,,,,,,,,,,,,,,,,,,,,,,,,,,,,,,,,,,,,,,,,,,,,,
S/RES/1056,MINURSO,Morocco,1996,29/05/1996,1,0,0,,,,,,,,,,,,,,,,,,,,,,,,,,,,,,,,,,,,,,,,,,,,,,,,,,,,,,,,,,,,,,,,,,,,,,,,,,,,,,,,,,,,,,,,,,,,,,,,,,,,,,,,,,,,,,,,,,,,,,,,,,,,,,,,,,,,,,,,,,,,,,,,,,,,,,,,,,,,,,,,,
S/RES/1084,MINURSO,Morocco,1996,27/11/1996,1,0,0,,,,,,,,,,,,,,,,,,,,,,,,,,,,,,,,,,,,,,,,,,,,,,,,,,,,,,,,,,,,,,,,,,,,,,,,,,,,,,,,,,,,,,,,,,,,,,,,,,,,,,,,,,,,,,,,,,,,,,,,,,,,,,,,,,,,,,,,,,,,,,,,,,,,,,,,,,,,,,,,,
S/RES/1108,MINURSO,Morocco,1997,22/05/1997,1,0,0,,,,,,,,,,,,,,,,,,,,,,,,,,,,,,,,,,,,,,,,,,,,,,,,,,,,,,,,,,,,,,,,,,,,,,,,,,,,,,,,,,,,,,,,,,,,,,,,,,,,,,,,,,,,,,,,,,,,,,,,,,,,,,,,,,,,,,,,,,,,,,,,,,,,,,,,,,,,,,,,,
S/RES/1131,MINURSO,Morocco,1997,29/09/1997,1,0,0,,,,,,,,,,,,,,,,,,,,,,,,,,,,,,,,,,,,,,,,,,,,,,,,,,,,,,,,,,,,,,,,,,,,,,,,,,,,,,,,,,,,,,,,,,,,,,,,,,,,,,,,,,,,,,,,,,,,,,,,,,,,,,,,,,,,,,,,,,,,,,,,,,,,,,,,,,,,,,,,,
S/RES/1133,MINURSO,Morocco,1997,20/10/1997,1,0,0,,,,,,,,,,,,,,,,,,,,,,,,,,,,,,,,,,,,,,,,,,,,,,,,,,,,,,,,,,,,,,,,,,,,,,,,,,,,,,,,,,,,,,,,,,,,,,,,,,,,,,,,,,,,,,,,,,,,,,,,,,,,,,,,,,,,,,,,,,,,,,,,,,,,,,,,,,,,,,,,,
S/RES/1148,MINURSO,Morocco,1998,26/01/1998,1,1,0,,,,,,,,,,,,,,,,,,,,,,,,,,,,,,,,,,,,,,,,,,,,,,,,,,,,,,,,,,,,,,,,,,1,,,,,,,,,,,,,,,,,,,,,,,,,,,,,,,,,,,,,,,,,,,,,,,,,,,,,,,,,,,,,,,,,,,,,,,,,,,,,,,,,,,,,,,,,,,,,,,
S/RES/1163,MINURSO,Morocco,1998,17/04/1998,1,0,0,,,,,,,,,,,,,,,,,,,,,,,,,,,,,,,,,,,,,,,,,,,,,,,,,,,,,,,,,,,,,,,,,,,,,,,,,,,,,,,,,,,,,,,,,,,,,,,,,,,,,,,,,,,,,,,,,,,,,,,,,,,,,,,,,,,,,,,,,,,,,,,,,,,,,,,,,,,,,,,,,
S/RES/1185,MINURSO,Morocco,1998,20/07/1998,1,0,0,,,,,,,,,,,,,,,,,,,,,,,,,,,,,,,,,,,,,,,,,,,,,,,,,,,,,,,,,,,,,,,,,,,,,,,,,,,,,,,,,,,,,,,,,,,,,,,,,,,,,,,,,,,,,,,,,,,,,,,,,,,,,,,,,,,,,,,,,,,,,,,,,,,,,,,,,,,,,,,,,
S/RES/1198,MINURSO,Morocco,1998,18/09/1998,1,0,0,,,,,,,,,,,,,,,,,,,,,,,,,,,,,,,,,,,,,,,,,,,,,,,,,,,,,,,,,,,,,,,,,,,,,,,,,,,,,,,,,,,,,,,,,,,,,,,,,,,,,,,,,,,,,,,,,,,,,,,,,,,,,,,,,,,,,,,,,,,,,,,,,,,,,,,,,,,,,,,,,
S/RES/1204,MINURSO,Morocco,1998,30/10/1998,1,0,0,,,,,,,,,,,,,,,,,,,,,,,,,,,,,,,,,,,,,,,,,,,,,,,,,,,,,,,,,,,,,,,,,,,,,,,,,,,,,,,,,,,,,,,,,,,,,,,,,,,,,,,,,,,,,,,,,,,,,,,,,,,,,,,,,,,,,,,,,,,,,,,,,,,,,,,,,,,,,,,,,
S/RES/1215,MINURSO,Morocco,1998,17/12/1998,1,0,0,,,,,,,,,,,,,,,,,,,,,,,,,,,,,,,,,,,,,,,,,,,,,,,,,,,,,,,,,,,,,,,,,,,,,,,,,,,,,,,,,,,,,,,,,,,,,,,,,,,,,,,,,,,,,,,,,,,,,,,,,,,,,,,,,,,,,,,,,,,,,,,,,,,,,,,,,,,,,,,,,
S/RES/1221,MINURSO,Morocco,1999,28/01/1999,1,0,0,,,,,,,,,,,,,,,,,,,,,,,,,,,,,,,,,,,,,,,,,,,,,,,,,,,,,,,,,,,,,,,,,,,,,,,,,,,,,,,,,,,,,,,,,,,,,,,,,,,,,,,,,,,,,,,,,,,,,,,,,,,,,,,,,,,,,,,,,,,,,,,,,,,,,,,,,,,,,,,,,
S/RES/1228,MINURSO,Morocco,1999,11/02/1999,1,0,0,,,,,,,,,,,,,,,,,,,,,,,,,,,,,,,,,,,,,,,,,,,,,,,,,,,,,,,,,,,,,,,,,,,,,,,,,,,,,,,,,,,,,,,,,,,,,,,,,,,,,,,,,,,,,,,,,,,,,,,,,,,,,,,,,,,,,,,,,,,,,,,,,,,,,,,,,,,,,,,,,
S/RES/1232,MINURSO,Morocco,1999,30/03/1999,1,0,0,,,,,,,,,,,,,,,,,,,,,,,,,,,,,,,,,,,,,,,,,,,,,,,,,,,,,,,,,,,,,,,,,,,,,,,,,,,,,,,,,,,,,,,,,,,,,,,,,,,,,,,,,,,,,,,,,,,,,,,,,,,,,,,,,,,,,,,,,,,,,,,,,,,,,,,,,,,,,,,,,
S/RES/1235,MINURSO,Morocco,1999,30/04/1999,1,0,0,,,,,,,,,,,,,,,,,,,,,,,,,,,,,,,,,,,,,,,,,,,,,,,,,,,,,,,,,,,,,,,,,,,,,,,,,,,,,,,,,,,,,,,,,,,,,,,,,,,,,,,,,,,,,,,,,,,,,,,,,,,,,,,,,,,,,,,,,,,,,,,,,,,,,,,,,,,,,,,,,
S/RES/1263,MINURSO,Morocco,1999,12/09/1999,1,0,0,,,,,,,,,,,,,,,,,,,,,,,,,,,,,,,,,,,,,,,,,,,,,,,,,,,,,,,,,,,,,,,,,,,,,,,,,,,,,,,,,,,,,,,,,,,,,,,,,,,,,,,,,,,,,,,,,,,,,,,,,,,,,,,,,,,,,,,,,,,,,,,,,,,,,,,,,,,,,,,,,
S/RES/1282,MINURSO,Morocco,1999,14/12/1999,1,0,0,,,,,,,,,,,,,,,,,,,,,,,,,,,,,,,,,,,,,,,,,,,,,,,,,,,,,,,,,,,,,,,,,,,,,,,,,,,,,,,,,,,,,,,,,,,,,,,,,,,,,,,,,,,,,,,,,,,,,,,,,,,,,,,,,,,,,,,,,,,,,,,,,,,,,,,,,,,,,,,,,
S/RES/1292,MINURSO,Morocco,2000,29/02/2000,1,0,0,,,,,,,,,,,,,,,,,,,,,,,,,,,,,,,,,,,,,,,,,,,,,,,,,,,,,,,,,,,,,,,,,,,,,,,,,,,,,,,,,,,,,,,,,,,,,,,,,,,,,,,,,,,,,,,,,,,,,,,,,,,,,,,,,,,,,,,,,,,,,,,,,,,,,,,,,,,,,,,,,
S/RES/1301,MINURSO,Morocco,2000,31/05/2000,1,0,0,,,,,,,,,,,,,,,,,,,,,,,,,,,,,,,,,,,,,,,,,,,,,,,,,,,,,,,,,,,,,,,,,,,,,,,,,,,,,,,,,,,,,,,,,,,,,,,,,,,,,,,,,,,,,,,,,,,,,,,,,,,,,,,,,,,,,,,,,,,,,,,,,,,,,,,,,,,,,,,,,
S/RES/1309,MINURSO,Morocco,2000,25/06/2000,1,0,0,,,,,,,,,,,,,,,,,,,,,,,,,,,,,,,,,,,,,,,,,,,,,,,,,,,,,,,,,,,,,,,,,,,,,,,,,,,,,,,,,,,,,,,,,,,,,,,,,,,,,,,,,,,,,,,,,,,,,,,,,,,,,,,,,,,,,,,,,,,,,,,,,,,,,,,,,,,,,,,,,
S/RES/1324,MINURSO,Morocco,2000,30/10/2000,1,0,0,,,,,,,,,,,,,,,,,,,,,,,,,,,,,,,,,,,,,,,,,,,,,,,,,,,,,,,,,,,,,,,,,,,,,,,,,,,,,,,,,,,,,,,,,,,,,,,,,,,,,,,,,,,,,,,,,,,,,,,,,,,,,,,,,,,,,,,,,,,,,,,,,,,,,,,,,,,,,,,,,
S/RES/1342,MINURSO,Morocco,2001,27/02/2001,1,0,0,,,,,,,,,,,,,,,,,,,,,,,,,,,,,,,,,,,,,,,,,,,,,,,,,,,,,,,,,,,,,,,,,,,,,,,,,,,,,,,,,,,,,,,,,,,,,,,,,,,,,,,,,,,,,,,,,,,,,,,,,,,,,,,,,,,,,,,,,,,,,,,,,,,,,,,,,,,,,,,,,
S/RES/1349,MINURSO,Morocco,2001,27/04/2001,1,0,0,,,,,,,,,,,,,,,,,,,,,,,,,,,,,,,,,,,,,,,,,,,,,,,,,,,,,,,,,,,,,,,,,,,,,,,,,,,,,,,,,,,,,,,,,,,,,,,,,,,,,,,,,,,,,,,,,,,,,,,,,,,,,,,,,,,,,,,,,,,,,,,,,,,,,,,,,,,,,,,,,
S/RES/1359,MINURSO,Morocco,2001,29/06/2001,1,0,0,,,,,,,,,,,,,,,,,,,,,,,,,,,,,,,,,,,,,,,,,,,,,,,,,,,,,,,,,,,,,,,,,,,,,,,,,,,,,,,,,,,,,,,,,,,,,,,,,,,,,,,,,,,,,,,,,,,,,,,,,,,,,,,,,,,,,,,,,,,,,,,,,,,,,,,,,,,,,,,,,
S/RES/1380,MINURSO,Morocco,2001,27/11/2001,1,0,0,,,,,,,,,,,,,,,,,,,,,,,,,,,,,,,,,,,,,,,,,,,,,,,,,,,,,,,,,,,,,,,,,,,,,,,,,,,,,,,,,,,,,,,,,,,,,,,,,,,,,,,,,,,,,,,,,,,,,,,,,,,,,,,,,,,,,,,,,,,,,,,,,,,,,,,,,,,,,,,,,
S/RES/1394,MINURSO,Morocco,2002,27/02/2002,1,0,0,,,,,,,,,,,,,,,,,,,,,,,,,,,,,,,,,,,,,,,,,,,,,,,,,,,,,,,,,,,,,,,,,,,,,,,,,,,,,,,,,,,,,,,,,,,,,,,,,,,,,,,,,,,,,,,,,,,,,,,,,,,,,,,,,,,,,,,,,,,,,,,,,,,,,,,,,,,,,,,,,
S/RES/1406,MINURSO,Morocco,2002,30/04/2002,1,0,0,,,,,,,,,,,,,,,,,,,,,,,,,,,,,,,,,,,,,,,,,,,,,,,,,,,,,,,,,,,,,,,,,,,,,,,,,,,,,,,,,,,,,,,,,,,,,,,,,,,,,,,,,,,,,,,,,,,,,,,,,,,,,,,,,,,,,,,,,,,,,,,,,,,,,,,,,,,,,,,,,
S/RES/1429,MINURSO,Morocco,2002,30/06/2002,1,0,0,,,,,,,,,,,,,,,,,,,,,,,,,,,,,,,,,,,,,,,,,,,,,,,,,,,,,,,,,,,,,,,,,,,,,,,,,,,,,,,,,,,,,,,,,,,,,,,,,,,,,,,,,,,,,,,,,,,,,,,,,,,,,,,,,,,,,,,,,,,,,,,,,,,,,,,,,,,,,,,,,
S/RES/1463,MINURSO,Morocco,2003,30/01/2003,1,0,0,,,,,,,,,,,,,,,,,,,,,,,,,,,,,,,,,,,,,,,,,,,,,,,,,,,,,,,,,,,,,,,,,,,,,,,,,,,,,,,,,,,,,,,,,,,,,,,,,,,,,,,,,,,,,,,,,,,,,,,,,,,,,,,,,,,,,,,,,,,,,,,,,,,,,,,,,,,,,,,,,
S/RES/1469,MINURSO,Morocco,2003,25/03/2003,1,0,0,,,,,,,,,,,,,,,,,,,,,,,,,,,,,,,,,,,,,,,,,,,,,,,,,,,,,,,,,,,,,,,,,,,,,,,,,,,,,,,,,,,,,,,,,,,,,,,,,,,,,,,,,,,,,,,,,,,,,,,,,,,,,,,,,,,,,,,,,,,,,,,,,,,,,,,,,,,,,,,,,
S/RES/1485,MINURSO,Morocco,2003,30/05/2003,1,0,0,,,,,,,,,,,,,,,,,,,,,,,,,,,,,,,,,,,,,,,,,,,,,,,,,,,,,,,,,,,,,,,,,,,,,,,,,,,,,,,,,,,,,,,,,,,,,,,,,,,,,,,,,,,,,,,,,,,,,,,,,,,,,,,,,,,,,,,,,,,,,,,,,,,,,,,,,,,,,,,,,
S/RES/1495,MINURSO,Morocco,2003,31/07/2003,1,0,0,,,,,,,,,,,,,,,,,,,,,,,,,,,,,,,,,,,,,,,,,,,,,,,,,,,,,,,,,,,,,,,,,,,,,,,,,,,,,,,,,,,,,,,,,,,,,,,,,,,,,,,,,,,,,,,,,,,,,,,,,,,,,,,,,,,,,,,,,,,,,,,,,,,,,,,,,,,,,,,,,
S/RES/1513,MINURSO,Morocco,2003,28/10/2003,1,0,0,,,,,,,,,,,,,,,,,,,,,,,,,,,,,,,,,,,,,,,,,,,,,,,,,,,,,,,,,,,,,,,,,,,,,,,,,,,,,,,,,,,,,,,,,,,,,,,,,,,,,,,,,,,,,,,,,,,,,,,,,,,,,,,,,,,,,,,,,,,,,,,,,,,,,,,,,,,,,,,,,
S/RES/1523,MINURSO,Morocco,2004,30/01/2004,1,0,0,,,,,,,,,,,,,,,,,,,,,,,,,,,,,,,,,,,,,,,,,,,,,,,,,,,,,,,,,,,,,,,,,,,,,,,,,,,,,,,,,,,,,,,,,,,,,,,,,,,,,,,,,,,,,,,,,,,,,,,,,,,,,,,,,,,,,,,,,,,,,,,,,,,,,,,,,,,,,,,,,
S/RES/1541,MINURSO,Morocco,2004,29/04/2004,1,0,0,,,,,,,,,,,,,,,,,,,,,,,,,,,,,,,,,,,,,,,,,,,,,,,,,,,,,,,,,,,,,,,,,,,,,,,,,,,,,,,,,,,,,,,,,,,,,,,,,,,,,,,,,,,,,,,,,,,,,,,,,,,,,,,,,,,,,,,,,,,,,,,,,,,,,,,,,,,,,,,,,
S/RES/1570,MINURSO,Morocco,2004,28/10/2004,1,0,0,,,,,,,,,,,,,,,,,,,,,,,,,,,,,,,,,,,,,,,,,,,,,,,,,,,,,,,,,,,,,,,,,,,,,,,,,,,,,,,,,,,,,,,,,,,,,,,,,,,,,,,,,,,,,,,,,,,,,,,,,,,,,,,,,,,,,,,,,,,,,,,,,,,,,,,,,,,,,,,,,
S/RES/1598,MINURSO,Morocco,2005,28/04/2005,1,0,0,,,,,,,,,,,,,,,,,,,,,,,,,,,,,,,,,,,,,,,,,,,,,,,,,,,,,,,,,,,,,,,,,,,,,,,,,,,,,,,,,,,,,,,,,,,,,,,,,,,,,,,,,,,,,,,,,,,,,,,,,,,,,,,,,,,,,,,,,,,,,,,,,,,,,,,,,,,,,,,,,
S/RES/1634,MINURSO,Morocco,2005,28/10/2005,1,0,0,,,,,,,,,,,,,,,,,,,,,,,,,,,,,,,,,,,,,,,,,,,,,,,,,,,,,,,,,,,,,,,,,,,,,,,,,,,,,,,,,,,,,,,,,,,,,,,,,,,,,,,,,,,,,,,,,,,,,,,,,,,,,,,,,,,,,,,,,,,,,,,,,,,,,,,,,,,,,,,,,
S/RES/1675,MINURSO,Morocco,2006,28/04/2006,1,0,0,,,,,,,,,,,,,,,,,,,,,,,,,,,,,,,,,,,,,,,,,,,,,,,,,,,,,,,,,,,,,,,,,,,,,,,,,,,,,,,,,,,,,,,,,,,,,,,,,,,,,,,,,,,,,,,,,,,,,,,,,,,,,,,,,,,,,,,,,,,,,,,,,,,,,,,,,,,,,,,,,
S/RES/1720,MINURSO,Morocco,2006,31/10/2006,1,0,0,,,,,,,,,,,,,,,,,,,,,,,,,,,,,,,,,,,,,,,,,,,,,,,,,,,,,,,,,,,,,,,,,,,,,,,,,,,,,,,,,,,,,,,,,,,,,,,,,,,,,,,,,,,,,,,,,,,,,,,,,,,,,,,,,,,,,,,,,,,,,,,,,,,,,,,,,,,,,,,,,
S/RES/1754,MINURSO,Morocco,2007,30/04/2007,1,0,0,,,,,,,,,,,,,,,,,,,,,,,,,,,,,,,,,,,,,,,,,,,,,,,,,,,,,,,,,,,,,,,,,,,,,,,,,,,,,,,,,,,,,,,,,,,,,,,,,,,,,,,,,,,,,,,,,,,,,,,,,,,,,,,,,,,,,,,,,,,,,,,,,,,,,,,,,,,,,,,,,
S/RES/1783,MINURSO,Morocco,2007,31/10/2007,1,0,0,,,,,,,,,,,,,,,,,,,,,,,,,,,,,,,,,,,,,,,,,,,,,,,,,,,,,,,,,,,,,,,,,,,,,,,,,,,,,,,,,,,,,,,,,,,,,,,,,,,,,,,,,,,,,,,,,,,,,,,,,,,,,,,,,,,,,,,,,,,,,,,,,,,,,,,,,,,,,,,,,
S/RES/1813,MINURSO,Morocco,2008,30/04/2008,1,0,0,,,,,,,,,,,,,,,,,,,,,,,,,,,,,,,,,,,,,,,,,,,,,,,,,,,,,,,,,,,,,,,,,,,,,,,,,,,,,,,,,,,,,,,,,,,,,,,,,,,,,,,,,,,,,,,,,,,,,,,,,,,,,,,,,,,,,,,,,,,,,,,,,,,,,,,,,,,,,,,,,
S/RES/1871,MINURSO,Morocco,2009,30/04/2009,1,0,0,,,,,,,,,,,,,,,,,,,,,,,,,,,,,,,,,,,,,,,,,,,,,,,,,,,,,,,,,,,,,,,,,,,,,,,,,,,,,,,,,,,,,,,,,,,,,,,,,,,,,,,,,,,,,,,,,,,,,,,,,,,,,,,,,,,,,,,,,,,,,,,,,,,,,,,,,,,,,,,,,
S/RES/1920,MINURSO,Morocco,2010,30/04/2010,1,0,0,,,,,,,,,,,,,,,,,,,,,,,,,,,,,,,,,,,,,,,,,,,,,,,,,,,,,,,,,,,,,,,,,,,,,,,,,,,,,,,,,,,,,,,,,,,,,,,,,,,,,,,,,,,,,,,,,,,,,,,,,,,,,,,,,,,,,,,,,,,,,,,,,,,,,,,,,,,,,,,,,
S/RES/1979,MINURSO,Morocco,2011,27/04/2011,1,0,0,,,,,,,,,,,,,,,,,,,,,,,,,,,,,,,,,,,,,,,,,,,,,,,,,,,,,,,,,,,,,,,,,,,,,,,,,,,,,,,,,,,,,,,,,,,,,,,,,,,,,,,,,,,,,,,,,,,,,,,,,,,,,,,,,,,,,,,,,,,,,,,,,,,,,,,,,,,,,,,,,
S/RES/2044,MINURSO,Morocco,2012,24/04/2012,1,0,0,,,,,,,,,,,,,,,,,,,,,,,,,,,,,,,,,,,,,,,,,,,,,,,,,,,,,,,,,,,,,,,,,,,,,,,,,,,,,,,,,,,,,,,,,,,,,,,,,,,,,,,,,,,,,,,,,,,,,,,,,,,,,,,,,,,,,,,,,,,,,,,,,,,,,,,,,,,,,,,,,
S/RES/2099,MINURSO,Morocco,2013,25/04/2013,1,0,0,,,,,,,,,,,,,,,,,,,,,,,,,,,,,,,,,,,,,,,,,,,,,,,,,,,,,,,,,,,,,,,,,,,,,,,,,,,,,,,,,,,,,,,,,,,,,,,,,,,,,,,,,,,,,,,,,,,,,,,,,,,,,,,,,,,,,,,,,,,,,,,,,,,,,,,,,,,,,,,,,
S/RES/2152,MINURSO,Morocco,2014,29/04/2014,1,0,0,,,,,,,,,,,,,,,,,,,,,,,,,,,,,,,,,,,,,,,,,,,,,,,,,,,,,,,,,,,,,,,,,,,,,,,,,,,,,,,,,,,,,,,,,,,,,,,,,,,,,,,,,,,,,,,,,,,,,,,,,,,,,,,,,,,,,,,,,,,,,,,,,,,,,,,,,,,,,,,,,
S/RES/2218,MINURSO,Morocco,2015,28/04/2015,1,0,0,,,,,,,,,,,,,,,,,,,,,,,,,,,,,,,,,,,,,,,,,,,,,,,,,,,,,,,,,,,,,,,,,,,,,,,,,,,,,,,,,,,,,,,,,,,,,,,,,,,,,,,,,,,,,,,,,,,,,,,,,,,,,,,,,,,,,,,,,,,,,,,,,,,,,,,,,,,,,,,,,
S/RES/2285,MINURSO,Morocco,2016,29/04/2016,1,0,0,,,,,,,,,,,,,,,,,,,,,,,,,,,,,,,,,,,,,,,,,,,,,,,,,,,,,,,,,,,,,,,,,,,,,,,,,,,,,,,,,,,,,,,,,,,,,,,,,,,,,,,,,,,,,,,,,,,,,,,,,,,,,,,,,,,,,,,,,,,,,,,,,,,,,,,,,,,,,,,,,
S/RES/2351,MINURSO,Morocco,2017,28/04/2017,1,0,0,,,,,,,,,,,,,,,,,,,,,,,,,,,,,,,,,,,,,,,,,,,,,,,,,,,,,,,,,,,,,,,,,,,,,,,,,,,,,,,,,,,,,,,,,,,,,,,,,,,,,,,,,,,,,,,,,,,,,,,,,,,,,,,,,,,,,,,,,,,,,,,,,,,,,,,,,,,,,,,,,
S/RES/797,UNOMOZ,Mozambique,1992,16/12/1992,0,0,0,2,2,,,,,,,2,,,,2,,,,,,,,,,,,,,,,,,,,,,,,,,,,,,,,,,,,,,,,,,,,,,,,,,,,,,,,,,,,,,,,,,,,,,,,2,2,,,2,2,,,2,,,,,,,,,,,,,,,,,,,,,,,,,,,,,,,,,,,,,2,,,,,,,,2,,,,,,,,,,,2,,,,,,,,,,,,
S/RES/818,UNOMOZ,Mozambique,1993,14/04/1993,1,0,0,,,,,,,,,,,,,,,,,,,,,,,,,,,,,,,,,,,,,,,,,,,,,,,,,,,,,,,,,,,,,,,,,,,,,,,,,,,,,,,,,,,,,,,,,,,,,,,,,,,,,,,,,,,,,,,,,,,,,,,,,,,,,,,,,,,,,,,,,,,,,,,,,,,,,,,,,,,,,,,,,
S/RES/879,UNOMOZ,Mozambique,1993,29/10/1993,1,0,0,,,,,,,,,,,,,,,,,,,,,,,,,,,,,,,,,,,,,,,,,,,,,,,,,,,,,,,,,,,,,,,,,,,,,,,,,,,,,,,,,,,,,,,,,,,,,,,,,,,,,,,,,,,,,,,,,,,,,,,,,,,,,,,,,,,,,,,,,,,,,,,,,,,,,,,,,,,,,,,,,
S/RES/882,UNOMOZ,Mozambique,1993,05/11/1993,1,0,0,,,,,,,,,,,,,,,,,,,,,,,,,,,,,,,,,,,,,,,,,,,,,,,,,,,,,,,,,,,,,,,,,,,,,,,,,,,,,,,,,,,,,,,,,,,,,,,,,,,,,,,,,,,,,,,,,,,,,,,,,,,,,,,,,,,,,,,,,,,,,,,,,,,,,,,,,,,,,,,,,
S/RES/898,UNOMOZ,Mozambique,1994,23/02/1994,1,0,1,,,,,,,,,,,,,,,,,,,,,,,,,2,,,,,,,,,,,,2,2,,,2,,,,,,,,,,,,,,,,,,,,,,,,,,,,,,,,,,,,,,,,2,,,,,2,,,,,,,2,,,,,,,,,,,,,,,,,,,,,,,,,,,,,,,,,,,,,,,,,,,,,,,,,,,,,,,,,,,,,,,,,,,,
S/RES/916,UNOMOZ,Mozambique,1994,05/05/1994,1,0,0,,,,,,,,,,,,,,,,,,,,,,,,,,,,,,,,,,,,,,,,,,,,,,,,,,,,,,,,,,,,,,,,,,,,,,,,,,,,,,,,,,,,,,,,,,,,,,,,,,,,,,,,,,,,,,,,,,,,,,,,,,,,,,,,,,,,,,,,,,,,,,,,,,,,,,,,,,,,,,,,,
S/RES/957,UNOMOZ,Mozambique,1994,15/11/1994,1,1,0,,,,,,,,,,,,,,,,,,,,,,,,,,,,,,,,,,,,,,,,,,,,,,,,,,,,,,,,,,,,,,,,,,4,,,,,,,,,,,,,,,,,,,,,,,,,,,,,,,,,,,,,,,,,,,,,,,,,,,,,,,,,,,,,,,,,,,,,,,,,,,,,,,,,,,,,,,,,,,,,,,
S/RES/846,UNOMUR,Rwanda,1993,22/06/1993,0,0,0,,,,,,,,,,,,,,,,,,,,,,,,,,,,,,,,,,,,,,,,,,,,,,,,,,,,,,,,,,,,,2,,,,,,,,,,,,,,,,,,,,,,,,,,,,,,,,,,,,,,,,,,,,,,,,,,,,,,,,,,,,,,,,,,,,,,,,,,,,,,,,,,,,,,,,,,,,,,,,,,,,
S/RES/872,UNAMIR,Rwanda,1993,05/10/1993,0,0,0,,,,,,,,,,,,,,,3a,,,,,,,,,,,,,,,,,,,,,,3h,,,,,,,,,,,,,,,,,,,,,,,,,,,,,3d,,,,,,,,,,,,,,,3c,,,,,,,,,,,,,,,,,,,,,,,,,,,,,,,,,,,,,,,,,,,,,,,,,3g,,,,,,,3f,,,,,,,,,,,,3b,,,,,,,,,,,,
S/RES/891,UNAMIR,Rwanda,1993,20/12/1993,1,1,0,,,,,,,,,,,,,,,,,,,,,,,,,,,,,,,,,,,,,,,,,,,,,,,,,,,,,,,,,,,,,3,,,,,,,,,,,,,,,,,,,,,,,,,,,,,,,,,,,,,,,,,,,,,,,,,,,,,,,,,,,,,,,,,,,,,,,,,,,,,,,,,,,,,,,,,,,,,,,,,,,,
S/RES/893,UNAMIR,Rwanda,1994,06/01/1994,1,0,0,,,,,,,,,,,,,,,,,,,,,,,,,,,,,,,,,,,,,,,,,,,,,,,,,,,,,,,,,,,,,,,,,,,,,,,,,,,,,,,,,,,,,,,,,,,,,,,,,,,,,,,,,,,,,,,,,,,,,,,,,,,,,,,,,,,,,,,,,,,,,,,,,,,,,,,,,,,,,,,,,
S/RES/909,UNAMIR,Rwanda,1994,05/04/1994,1,0,0,,,,,,,,,,,,,,,,,,,,,,,,,,,,,,,,,,,,,,,,,,,,,,,,,,,,,,,,,,,,,,,,,,,,,,,,,,,,,,,,,,,,,,,,,,,,,,,,,,,,,,,,,,,,,,,,,,,,,,,,,,,,,,,,,,,,,,,,,,,,,,,,,,,,,,,,,,,,,,,,,
S/RES/912,UNAMIR,Rwanda,1994,21/04/1994,1,0,1,,,,,,,,,,,,,,,,,,,,,8c,,,,,,,,,,,,,,,,,,,,,,,,,,,,,,,,,,,,,,,,,,,,,,,,,,,,,,,,,,,,,,,,,,,,,,,,,,,,,,,,,,,,,,,,,,,,,,,,,,,,,,,,,,,,,8b,,,,,,,,,,,,,,,,,,,,,,,,8a,,,,,,,
S/RES/918,UNAMIR,Rwanda,1994,17/05/1994,1,1,0,,,,,,,,,,,,,,,,,,,,,,,3a,,,,,,,,,,,,,,,,,,,,,,,,,,,,,,,,,,,,,,,,,,,,,,,,,,,,,,,,,,,,,,,,,,,,,,,,,,,,,,,,,,,,,,,,,,,,,,,,,,,,,,,,,,,3b,"3a, 3b",,,,,,,,3a,,,,,,,,,,,,,,,,,19,,,,,4
S/RES/925,UNAMIR,Rwanda,1994,08/06/1994,1,1,0,,,,,,,,,,,,,,,,,,,,,,,4a,,,,,,,,,,,,,,,,,,,,,,,,,,,,,,,,,,,,,,,,,,,,,,,,,,,,,,,,,,,,,,,,,,,,,,,,,,,,,,,,,,,,,,,,,,,,,,,,,,,,,,,,,,,4b,"4a, 4b",,,,,,,,4a,,,,,,,,,,,,,,,4,,,,,,,
S/RES/928,UNAMIR,Rwanda,1994,20/06/1994,1,0,0,,,,,,,,,,,,,,,,,,,,,,,,,,,,,,,,,,,,,,,,,,,,,,,,,,,,,,,,,,,,,,,,,,,,,,,,,,,,,,,,,,,,,,,,,,,,,,,,,,,,,,,,,,,,,,,,,,,,,,,,,,,,,,,,,,,,,,,,,,,,,,,,,,,,,,,,,,,,,,,,,
S/RES/965,UNAMIR,Rwanda,1994,30/11/1994,1,1,0,,,,,,,,,,,,,,,,,,,,,,,2a,,,,3a,,,,,,,,,,,3b,,,,,,,,,,,,,,,,,,,,,,,,,,,,,,,,,,,,,,,,,,,,,,,,,,,,,,,,,,,,,,,,,,,,,,,,,,,,2c,,,,,,,,,,,,,,,,2b,"2a, 2b",,,,,,,,2A,,,,,,,,,,,,,,,,,,,,,,
S/RES/997,UNAMIR,Rwanda,1995,09/06/1995,1,1,0,,,,,,,,,,,,,,,,,,,,,,,,,,,,10,,,,,,,,,,3d,,,,,,,,,,,,,,,,,,,,,,,,,,,,3c,,,,,,,,,,,,,,,,,,,,,,,,,,,,,,,,,,,,,,,,,,,,,,,3b,3a,,,,,,,,,,,,,,10,,3c,3e,10,,,,,,3b,,,,,,,,,,,,,,,,,,,,,,,
S/RES/1028,UNAMIR,Rwanda,1995,08/12/1995,1,0,0,,,,,,,,,,,,,,,,,,,,,,,,,,,,,,,,,,,,,,,,,,,,,,,,,,,,,,,,,,,,,,,,,,,,,,,,,,,,,,,,,,,,,,,,,,,,,,,,,,,,,,,,,,,,,,,,,,,,,,,,,,,,,,,,,,,,,,,,,,,,,,,,,,,,,,,,,,,,,,,,,
S/RES/1029,UNAMIR,Rwanda,1995,12/12/1995,1,1,0,,,,,,,,,,,,,,,,,,,,,,,,,,,,13,,,,,,,,,,,,,,,,,,,,,,,,,,,,,,,,,,,,,,,,,,,,,,,,,,,,,,,,,,,,,,,,,,,,,,,,,,,,,,,,,,,,,,2a,,,,,,,,,,,,,,,,,,13,,,,,"2b, 14","2a, 2b, 2c",,,,,,,,,,,,,,,,,,,,,,,
S/RES/1181,UNOMSIL,Sierra Leone,1998,13/07/1998,0,0,0,"6b, 6d",,,,,,,,6b,,,,,,,,,,,,,,,,8b,8b,,,,,,,,,,,8a,8a,,,,,,,,,,,,,,,,,,,,,,,,,,,,,,,,,,,,,,,,,,,,,,,,,,,,,,,,,,,,,,,,,,,,,,,,,,,,,,,,,,,,,,,,,,,,,,,,,,,,,,,,,,,,,,,,,,,,,,,,,,,
S/RES/1220,UNOMSIL,Sierra Leone,1999,12/01/1999,1,0,0,,,,,,,,,,,,,,,,,,,,,,,,,,,,,,,,,,,,,,,,,,,,,,,,,,,,,,,,,,,,,,,,,,,,,,,,,,,,,,,,,,,,,,,,,,,,,,,,,,,,,,,,,,,,,,,,,,,,,,,,,,,,,,,,,,,,,,,,,,,,,,,,,,,,,,,,,,,,,,,,,
S/RES/1231,UNOMSIL,Sierra Leone,1999,11/03/1999,1,1,0,,,,,,,,,,,,,,,,,,,,,,,,,,,,,,,,,,,,,,,,,,,,,,,,,,,,,,,,,,,,,,,,,,,,,,,,,,,,,,,,,,,,,,,,,,,,,,,,,,,,,,,,,,,,,,,,,,,,,,,,,,,,,,,,,,,,,,,,,,,,,,,,,,,,,,,,,,,,9,,,,,
S/RES/1245,UNOMSIL,Sierra Leone,1999,11/06/1999,1,0,0,,,,,,,,,,,,,,,,,,,,,,,,,,,,,,,,,,,,,,,,,,,,,,,,,,,,,,,,,,,,,,,,,,,,,,,,,,,,,,,,,,,,,,,,,,,,,,,,,,,,,,,,,,,,,,,,,,,,,,,,,,,,,,,,,,,,,,,,,,,,,,,,,,,,,,,,,,,,,,,,,
S/RES/1260,UNOMSIL,Sierra Leone,1999,20/08/1999,1,0,0,,,,,,,,,,,,,,,,,,,,,,,,,,,,,,16,,16,,,,,,,,,,,,,,,,,,,,,,,,,,,,,,,,,,,,,,,,,,,,,,,,,,,,,,,,,,,,,,,,,,,,,,,,,,,,,,,,,,,,,,,,,,,,,,,,,,,,,,,,,,,,,,,,,,,,,,,,,,,,,,,,,
S/RES/1270,UNAMSIL,Sierra Leone,1999,22/10/1999,0,0,1,,"8b, 11",,,,8b,,,,,,,,,,,,,,,,,14,,,,,,,,,19,,,,,,,,,,,,,,,,,,,,,,,,,,,,,,,,,,,,,,,,,,,,,,,,,,,,,,8i,,,,,,,,,,,,,,,,,,,,,,,,,,,,8f,,,,,,,,,,,,,,,,8g,,,,,,,,,,,,,,,,,,,8e,,,,,,,,,,,,14
S/RES/1289,UNAMSIL,Sierra Leone,2000,07/02/2000,1,1,0,,10e,,10c,,,,10c,,,,,,,,,,,,,,,10e,,,,,,,,,,,,,,,10d,,,,10d,,,,,,,,,,,,,,,,,,,,,,,,,,,,,,,,,10a,,,,,,,,,,,,,,,,,,,,,,,,,,,,,,,,,,,,,,,,,,,,,,,,,,,,,,,10b,,,,,,,,,,,,,,,,,,,,,,,,,,,,,,,10e
S/RES/1299,UNAMSIL,Sierra Leone,2000,19/05/2000,1,0,0,,,,,,,,,,,,,,,,,,,,,,,,,,,,,,,,,,,,,,,,,,,,,,,,,,,,,,,,,,,,,,,,,,,,,,,,,,,,,,,,,,,,,,,,,,,,,,,,,,,,,,,,,,,,,,,,,,,,,,,,,,,,,,,,,,,,,,,,,,,,,,,,,,,,,,,,,,,,,,,,,
S/RES/1313,UNAMSIL,Sierra Leone,2000,04/08/2000,1,1,0,,3e,,,,3e,,,,,,,,,,,,,,,,3c,,,,,,,,,,,,,,,,,,,,,,,,,,,,,,,,,,,,,,,,,,,,,,,,,,,,3c,,,,,,,,,,,,,,,,,,,,,,,,,,,,,,,,,,,,,,,,,,,,,,,,,,,,,,,,3d,,,,,,,,,,,,,,,,,,,,,,,,,,,,,,,3b
S/RES/1317,UNAMSIL,Sierra Leone,2000,05/09/2000,1,0,0,,,,,,,,,,,,,,,,,,,,,,,,,,,,,,,,,,,,,,,,,,,,,,,,,,,,,,,,,,,,,,,,,,,,,,,,,,,,,,,,,,,,,,,,,,,,,,,,,,,,,,,,,,,,,,,,,,,,,,,,,,,,,,,,,,,,,,,,,,,,,,,,,,,,,,,,,,,,,,,,,
S/RES/1321,UNAMSIL,Sierra Leone,2000,20/09/2000,1,0,0,,,,,,,,,,,,,,,,,,,,,,,,,,,,,,,,,,,,,,,,,,,,,,,,,,,,,,,,,,,,,,,,,,,,,,,,,,,,,,,,,,,,,,,,,,,,,,,,,,,,,,,,,,,,,,,,,,,,,,,,,,,,,,,,,,,,,,,,,,,,,,,,,,,,,,,,,,,,,,,,,
S/RES/1334,UNAMSIL,Sierra Leone,2000,22/12/2000,1,0,0,,,,,,,,,,,,,,,,,,,,,,,,,,,,,,,,,,,,,,,,,,,,,,,,,,,,,,,,,,,,,,,,,,,,,,,,,,,,,,,,,,,,,,,,,,,,,,,,,,,,,,,,,,,,,,,,,,,,,,,,,,,,,,,,,,,,,,,,,,,,,,,,,,,,,,,,,,,,,,,,,
S/RES/1346,UNAMSIL,Sierra Leone,2001,30/03/2001,1,1,0,,,,,,,,,,,,,,,,,,,,,,,,,,,,,,,,,,,,,,,,,,,,,,,,,,,,,,,,,,,,,,,,,,,,,,,,,,,,,,,,,,,,,,,,,,,,,,,,,,,,,,,,,,,,,,,,,,,,,,,,,,,,,,,,,,,,,,,,,,8,,,,,,,,,,,,,,,,,,,,,,,
S/RES/1370,UNAMSIL,Sierra Leone,2001,18/09/2001,1,1,0,,,,,,,,,,,,,,,,,,,,,,,,,,,,,,,,,,,,,,,,,,,,,,,,,,,,,,,,,,,,,,16,,,,,,,,,,,,16,,,,,,,,,,,,,,,,,,,,,,,,,,,,,,,,,,,,,,,,,,,,,,,,,,,,,,,,,,,,,,,,8,,,,,,,,,,,,,,,,,,,,,,,
S/RES/1389,UNAMSIL,Sierra Leone,2002,16/01/2002,1,1,0,,,,,,,,,,,,,,,,,,,,,,,2,,,,,,,,,,,,,,,"3a, 3b",,,,,,,,,,,,,,,,,,,,,,,,,,,,,,,,,,,,,,,,,,,,"1c, 3a, 3b",,,,"1, 1a",,,,1a,,6,,,,,,,,,,,,,,,,6,,,,,,,,,,,,,,,,,,,,,,1b,,,,,,,,,,,,,,,,,,,,,,,,,,,,,,,2
S/RES/1400,UNAMSIL,Sierra Leone,2002,28/03/2002,1,1,0,,,,,,,,,,,,,,,,,,,,,,,,,,,,13,,,,13,,,13,,,,,,,,,,,,,,,,,,,,,,,,,,,7,,,,,,,,,,,,7,,,,,,,,,,,,,,,,,,,,,,,,,,,,,,,,,,,,,,,,,,,,,,,,,,,,,,,,,,,,,,,,,,15,,,,,,,,,,,,,,,,,,,,,
S/RES/1436,UNAMSIL,Sierra Leone,2002,24/09/2002,1,1,0,,,,,,,,,,,,,,,,,,,,,,,,,,,,,,,,,,,,,,7,,,,7,,,,,,,,,,,,,,10,,,,,,13,,,,,,,,,,,,7,,,,,,,,,,,,,,,,,,,,,,,,,,,,,,,,,,,,,,,,,,,,,,,,,,,,,,,,,,,,,,,,,,16,,,,,,,,,,,,,,,,,,,,,
S/RES/1470,UNAMSIL,Sierra Leone,2003,28/03/2003,1,1,0,,,,,,,,,,,,,,,,,,,,,,,,,,,,,,,,,,,,,,7,,,,7,,,,,,,,,,,,,,,,,,,,14,,,,,,,,,,,,7,,,,,,,,,,,,,,,,,,,,,,,,,,,,,,,,,,,,,,,,,,,,,,,,,,,,,,,,,,,,,,,,,,16,,,,,,,,,,,,,,,,,,,,,
S/RES/1492,UNAMSIL,Sierra Leone,2003,18/07/2003,1,0,0,,,,,,,,,,,,,,,,,,,,,,,,,,,,,,,,,,,,,,,,,,,,,,,,,,,,,,,,,,,,,,,,,,,,,,,,,,,,,,,,,,,,,,,,,,,,,,,,,,,,,,,,,,,,,,,,,,,,,,,,,,,,,,,,,,,,,,,,,,,,,,,,,,,,,,,,,,,,,,,,,
S/RES/1537,UNAMSIL,Sierra Leone,2004,30/03/2004,1,1,0,,11,,,,11,,,,,,,,,,,,,,,,,,,,,,,,,,,,,,,,,,3,,,,3,,,,,,,,3,,,,,,,,3,,11,,,,,,,,,,,,,,,,,,,,,,,,p.1,,,,,,,,,,,,,,,,,,,,,,,,,,,,,,,,,,,,,,,,,,,,,,,,,,,,,,,,,,,,,,,,,,,,,,,,,,,
S/RES/1562,UNAMSIL,Sierra Leone,2004,17/09/2004,1,0,1,,,,,2,,,,,,,,,,,,,,,,,,,,2,2,,,,,,,,,,,2,2,,6,2,2,,6,,,,,,,,6,,,2,,,,,6,,2,,,,,,,,,2,,2,,,6,,,,,,,,,,,,,,,,,,,,,,,,,,,,,,2,,,,,,,,,,,,,,,,,,,,,,,,,,,,,,,,,,,,,,,,,,,,,,,,,,,,,,,3
S/RES/1610,UNAMSIL,Sierra Leone,2005,30/06/2005,1,1,0,,,,,,,,,,,,,,,,,,,,,,,,,,,,,,,,,,,,,,,,6,,,,6,,,,,,,,6,,,,,,,,6,,,,,,,,,,,,,,6,,,,,,,,,,,,,,,,,,,,,,,,,,,,,,,,,,,,,,,,,,,,,,,,,,,,,,,,,,,,,,,,,,,,,,,,,,,,,,,,,,,,,,,
S/RES/751,UNOSOM I,Somalia,1992,24/04/1992,0,0,0,,,,,,,,,,,,,,,,,,,,,,,,,,,,,,,,,,,,,,,,,,,,,,,,,,,,,,,,,,,,,,,,,,,,,,,,,,,,,,,,,,,,,,,,,,,,,,,,,,,,,,,,,,,,,,,,,,,,,,,,,,,,,,,,,,,,,,,,,,,,,,,,,,,,,2,,,,,,,,,,,,
S/RES/775,UNOSOM I,Somalia,1992,28/08/1992,0,1,0,,,,,,,,,,,,,,,,,,,,,,,,,,,,,,,,,,,,,,,,,,,,,,,,,,,,,,,,,,,,,,,,,,,,,,,,,,,,,,,,,,,,,,,,,,,,,,,,,,,,,,,,,,,,,,,,,,,,,,,,,,,,,,,,,,,,9,,,,,,,,,,,,,,,,,,,,,,,,,,,,,
S/RES/794,UNOSOM I,Somalia,1992,03/12/1992,0,1,0,,,,,,,,,,,,,,,,,,,,,,,,,,,,,,,,,,,,,,,,,,,,,,,,,,,,,,,,,,,,,,,,,,,,,,,,,,,,,,,,,,,,,,,,,,,,,,,,,,,,,,,,,,,,,,,,,,,,,,,,,,,,,,,,,,,,,,,,,,,,,,,,,,,,,,,,,,,,,,,,,10
S/RES/814,UNOSOM II,Somalia,1993,26/03/1993,0,0,0,,,,,,,,,,,,,,,,,10,10,,,,,,,,,,,,,,,,,,,,4d,,,,,,,,,,,,,,,,4d,,,,,,,,,,,,4e,,,,,,,,4c,p.2,,,,,,,,,,,,,,,,,,,,,,,4g,,,,,,,,4f,,,,,,,,"4, 4c",,p. 2,,,,,,,,,,"4, 4a",,p. 2,,"4, 4a",,,,,,,,4b,12,,,,,,,,,,,,,,,,,,,,,,
S/RES/837,UNOSOM II,Somalia,1993,06/06/1993,1,0,0,,,,,,,,,,,,,,,,,,,,,,,,,,,,,,,,,,,,,,,,,,,,,,,5,,,,,,,,,,,,,,,,,,,,,,,,,,,,,,,,,,,,,,,,,,,,,,,,,,,,,,,,,,,,,,,,,,,,,,,,,,,,,,,,,,,,,,,,,,,,,,,,,,,,,,,,,,,,,,,,,,5
S/RES/878,UNOSOM II,Somalia,1993,29/10/1993,1,0,0,,,,,,,,,,,,,,,,,,,,,,,,,,,,,,,,,,,,,,,,,,,,,,,,,,,,,,,,,,,,,,,,,,,,,,,,,,,,,,,,,,,,,,,,,,,,,,,,,,,,,,,,,,,,,,,,,,,,,,,,,,,,,,,,,,,,,,,,,,,,,,,,,,,,,,,,,,,,,,,,,
S/RES/886,UNOSOM II,Somalia,1993,18/11/1993,1,0,0,,,,,,,,,,,,,,,,,,,,,,,,,,,,,,,,,,,,,,,,,,,,,,,,,,,,,,,,,,,,,,,,,,,,,,,,,,,,,,,,,,,,,,,,,,,,,,,,,,,,,,,,,,,,,,,,,,,,,,,,,,,,,,,,,,,,,,,,,,,,,,,,,,,,,,,,,,,,,,,,,
S/RES/897,UNOSOM II,Somalia,1994,04/02/1994,1,0,1,,,,,,,,,,,,,,,,,,,,,,,,,,,,,,,,,,,,,,2d,,,,,,,,,,,,2d,,,,,,,,,,,,,,,,6,,,,,,,,,,,,,,,,,,,,,,,,,,,,,,,,,2g,,,,,,,,,,,,,,,,,,,,,,,,,,,,,,,2c,"2b, 2g",,,,,,,2e,,,,,,,,,,,,,,,,,,,,,,,
S/RES/923,UNOSOM II,Somalia,1994,31/05/1994,1,0,0,,,,,,,,,,,,,,,,,,,,,,,,,,,,,,,,,,,,,,,,,,,,,,,,,,,,,,,,,,,,,,,,,,,,,,,,,,,,,,,,,,,,,,,,,,,,,,,,,,,,,,,,,,,,,,,,,,,,,,,,,,,,,,,,,,,,,,,,,,,,,,,,,,,,,,,,,,,,,,,,,
S/RES/946,UNOSOM II,Somalia,1994,30/09/1994,1,0,0,,,,,,,,,,,,,,,,,,,,,,,,,,,,,,,,,,,,,,,,,,,,,,,,,,,,,,,,,,,,,,,,,,,,,,,,,,,,,,,,,,,,,,,,,,,,,,,,,,,,,,,,,,,,,,,,,,,,,,,,,,,,,,,,,,,,,,,,,,,,,,,,,,,,,,,,,,,,,,,,,
S/RES/953,UNOSOM II,Somalia,1994,31/10/1994,1,0,0,,,,,,,,,,,,,,,,,,,,,,,,,,,,,,,,,,,,,,,,,,,,,,,,,,,,,,,,,,,,,,,,,,,,,,,,,,,,,,,,,,,,,,,,,,,,,,,,,,,,,,,,,,,,,,,,,,,,,,,,,,,,,,,,,,,,,,,,,,,,,,,,,,,,,,,,,,,,,,,,,
S/RES/954,UNOSOM II,Somalia,1994,04/11/1994,1,0,0,,,,,,,,,,,,,,,,,,,,,,,,,,,,,,,,,,,,,,,,,,,,,,,,,,,,,,,,,,,,,,,,,,,,,,,,,,,,,,,,,,,,,,,,,,,,,,,,,,,,,,,,,,,,,,,,,,,,,,,,,,,,,,,,,,,,,,,,,,,,,,,,,,,,,,,,,,,,,,,,,
S/RES/1996,UNMISS,South Sudan,2011,08/07/2011,0,0,,,3c(ii),,15,,3c(ii),,15,,,,,,,,,5,,,,"3b(ii), 3b(iii)","3b, 3b(iv)","3b(v), 4",15,3b(iii),"3c(i), 11, 18",,,3c(v),"3c(ii), 10, 11",,,,,,24,,"3b(iv), 3c(i), 3c(iii), 18",,,,"3b(iv), 3c(i), 3c(iv), 18",,,,,,,,"3c, 3c(i), 3c(iv), 18",,,,,,,,14,,,,,,,,3c(vi),,,,,,,,3a(i),,,,"3, 3a(ii)",,,,,,,,3a(ii),,,,,,,,,,,,,,,,3a(ii),,,,,,,,,,,,3b(i),,,,3b(i),,,,3,,,,3,,,,,3b(vi),,,,,,,,,,,"3a(ii), 11",,24,,3a(i),,,,,,,,,,,,,,,4
S/RES/2057,UNMISS,South Sudan,2012,05/07/2012,1,0,0,,18,,19,,18,,19,6,,,,,,,,,,,,,3,"3, 5","3, 19",21,13,,,12,"12, 13",,,,,,29,,,,,,,,,,,,,,,,,,,,,,17,,,,,,,,,,,,,,,,,,,,,,,,,,,,,,,,,,,,,,,,,,,,,,,,,,11,,,,,,,,,,,,,,,,,,,,,,,,,,,,,,,,,,13,,,,,,,,,,,,,,,,,,,5
S/RES/2109,UNMISS,South Sudan,2013,11/07/2013,1,1,0,,"17, 24",,25,,24,,25,,,,,,,,,,,,,,,"3, 4","3, 5, 25",,18,,,,"17, 18, 24",,,,,,40,,,,,,,,,,,,,,,,,,,,,,23,,,,,,,,,,,,,,,,,,,,,,,,,,,,42,,,,,,,,,,,,,,,,,,,,,,11,,,,,,,,,,,,,,,,,,,,,,,,,,,,,,18,,,,18,,40,,,,,,,,,,,,,,,,,"4, 8"
S/RES/2155,UNMISS,South Sudan,2014,27/05/2014,1,0,1,,,,,,,,,,,,,,,,,,,,,12,4a(vi),"4a, 4a(i), 4a(ii), 4a(iv), 5, 12",,"4b, 4b(i)",,,,4b(ii),,"4a(i), 4a(v)",,4b(ii),,,,,,,,,,,,,,,,,,,,,,,,,,,,,,,,,,,,,,,,,,,,,,,,,,,,,,,,,,,,,,,,,,4a(ii),,,,,,,,,,,,,,,,,,,4a(v),,,,,,,,,,,,"4c, 4c(i)","4a(ii), 4c(i)",,,,,,,,"4a(ii), 4a(vi), 4c(i), 12",,,,,,,,,,,"4d(i), 4d(iii)",4d(ii),,,,,,,,,,4
S/RES/2187,UNMISS,South Sudan,2014,25/11/2014,1,1,0,,,,,,,,,,,,,,,,,,,,,12,,"4a, 4a(i), 4a(ii), 5",,4b(i),,,,4b(ii),"4a(i), 4a(v)","4a(i), 4a(v)",,4b(ii),,,,,,,,,,,,,,,,,,,,,,,,,,,,,,,,,,,,,,,,,,,,,,,,,,,,,,,,,,,,,,,,,,4a(ii),,,,,,,,,,,,,,,4a(v),,,,,,,,,,,,,,,,"4c, 4c(i)","4a(ii), 4c(i)",,,,,,4a(vi),4c(i),"4a(ii), 4a(vi), 4c(i)",,,,,,,,,,,"4d(i), 4d(ii), 4d(iii)",,,,,,,,,,,4
S/RES/2223,UNMISS,South Sudan,2015,28/05/2015,1,1,0,,,,,,,,,,,,,,,,,,,,,12,4a(vi),"4a, 4a(i), 4a(ii), 5",,"4a(vi), 4b, 4b(i)",4a(vi),,,4b(ii),,"4a(i), 4a(v)",,4b(ii),4a(vi),,,,,,,,,,,,,,,,,,,,,,,,,,,,,,,,,,,,,,,,,,,,,,,,,,,,,,,,,,,,,,,,,4a(ii),,,,,,,,,,,,,,,4a(v),,,,4a(v),,,,,,,,,,,,"4c, 4c(i)","4a(ii), 4c(i)",,,,,,,4c(i),"4a(ii), 4a(vi), 4c(i), 12",,,,,,,,,,,"4d, 4d(i), 4d(iii)",4d(ii),,,,,,,,,,4
S/RES/2241,UNMISS,South Sudan,2015,09/10/2015,1,1,0,4e(v),"4e(iii), 4e(iv), 12",,,4e(v),4e(iii),,,,,,,4e(v),4e(v),,,,,,,17,4a(vi),"4a(i), 4a(ii), 4a(iv), 4a(v), 6",,"4a(vi), 4b, 4b(i), 4b(iii)",4a(vi),,,4b(ii),,"4a(i), 4a(v)",,4b(ii),4a(vi),,,,"4e(iii), 12",,,,"4e(iii), 12",,,,,,,,,,,,,,,,,,,,,,,,,,,,,,,,,,,,,,,,,,,,,,,,,,,,,,,,4a(vi),4a(ii),,,,,,,,,,,,,,,"4a(v), 5",,,,4a(v),,,,,,,,,,,,"4c, 4c(i)","4a(ii), 4c(i)",,,,,,,4c(i),"4a(ii), 4a(vi), 4c(i), 17",,12,12,,,,12,,,12,4d(i),4d(ii),,,,,,,,,,4
S/RES/2302,UNMISS,South Sudan,2016,29/07/2016,1,0,0,,,,,,,,,,,,,,,,,,,,,, ,,,,,,,, ,,,,,,,,,,,,,,,,,,,,,,,,,,,,,,,,,,,,,,,,,,,,,,,,,,,,,,,,,,,,,,,,,,,,,,,,,,,,,,,,,,,,,,,,,,,,,,,,,,,,,,,,,,,,,,,,,,,,,,,,,,,,,,,,,,,
S/RES/2304,UNMISS,South Sudan,2016,12/08/2016,1,1,0,,,,,,,,,,5,,,,,,,,,,,,,"5, 8, 10b, 10c",,,,,,,,,,,,,,,,,,,,,,,,"5, 8, 10c",,,,,,,,,,,,,,,,,,,,,,,,,,,,,,,,,,,,,,,,,,,,,,,,,,,,,,,,,,,,,,,,,,,,,,,,,,,,,,,,,,,,"5, 10c",,,,,,,,,,,,,,,,,,,8,,,,,,,,,,,"4, 5, 10"
S/RES/2326,UNMISS,South Sudan,2016,15/12/2016,1,0,0,,,,,,,,,,,,,,,,,,,,,,,,,,,,,,,,,,,,,,,,,,,,,,,,,,,,,,,,,,,,,,,,,,,,,,,,,,,,,,,,,,,,,,,,,,,,,,,,,,,,,,,,,,,,,,,,,,,,,,,,,,,,,,,,,,,,,,,,,,,,,,,,,,,,,,,,,,,,,,,,,
S/RES/1590,UNMIS,Sudan,2005,24/03/2005,0,0,1,,4a(iv),,,,4a(iv),,,,,,,,,,,,,,,4a(ix),,"4a(ix), 4d, 16i",,4a(ix),"4a(viii), 4a(ix), 4d",,,,4a(iv),4d,,,4d,15,15,,4a(vii),,,,,,,,,,,,4a(viii),,,,,,,,,,,,,,,,4c,,,,,,,,,,,,,,,,,,,,4a(x),,,,,,,,,,,,4d,,,,,,,,4a(v),,,,,,,,4a(vi),,,,,,,,,,,,,,,,4b,"4b, 16i",,,,,,,4b,"4b, 4d",,,4a(vi),,,,4a(viii),,,4a(i),,,,,,,,,,,,16i
S/RES/1627,UNMIS,Sudan,2005,23/09/2005,1,0,0,,,,,,,,,,,,,,,,,,,,,,,,,,,,,,,,,,,,,,,,,,,,,,,,,,,,,,,,,,,,,,,,,,,,,,,,,,,,,,,,,,,,,,,,,,,,,,,,,,,,,,,,,,,,,,,,,,,,,,,,,,,,,,,,,,,,,,,,,,,,,,,,,,,,,,,,,,,,,,,,,
S/RES/1663,UNMIS,Sudan,2006,24/03/2006,1,0,0,,9,,,,9,,,,,,,,,,,,,,,,,,,,,,,,,,,,,,,,,,,,,,,,,,,,,,,,,,,,,,,,,,,,,,,,,,,,,,,,,,,,,,,,,,,,,,,,,,,,,,,,,,,,,,,,,,,,,,,,,,,,,,,,,,,,,,,,,,,,,,,,,,,,,,,,,,,,,,,,,,,
S/RES/1706,UNMIS,Sudan,2006,31/08/2006,1,0,1,,8f,,,,8f,,,,,,,,,,,,12a,,,8l,,"8l, 9b, 12a",,"8l, 9b","8k, 8l, 9b",9b,,8l,"8f, 8l",9b,,,,,,,8j,,,,,,,,,,,,8k,,,,,,,,,,,8e,,,,,9c,,,,,,,,,,,,,,,,,,,,8g,,,,,,,,,,,,,,,,,,,,"8h, 9c",,,,,,,,8i,,,,,,,,,,,,,,,,9a,9a,,,,,,,9a,"8d, 9a, 9b, 9d",,,8i,,,,,,,8a,8c,,,,,,,,,,,12a
S/RES/1709,UNMIS,Sudan,2006,22/09/2006,1,0,0,,,,,,,,,,,,,,,,,,,,,,,,,,,,,,,,,,,,,,,,,,,,,,,,,,,,,,,,,,,,,,,,,,,,,,,,,,,,,,,,,,,,,,,,,,,,,,,,,,,,,,,,,,,,,,,,,,,,,,,,,,,,,,,,,,,,,,,,,,,,,,,,,,,,,,,,,,,,,,,,,
S/RES/1714,UNMIS,Sudan,2006,06/10/2006,1,0,0,,,,,,,,,,,,,,,,,,,,,,,,,,,,,,,,,,,,,,,,,,,,,,,,,,,,,,,,,,,,,,,,,,,,,,,,,,,,,,,,,,,,,,,,,,,,,,,,,,,,,,,,,,,,,,,,,,,,,,,,,,,,,,,,,,,,,,,,,,,,,,,,,,,,,,,,,,,,,,,,,
S/RES/1755,UNMIS,Sudan,2007,30/04/2007,1,0,0,,,,,,,,,,,,,,,,,,,,,,,,,,,,,,,,,,,,,,,,,,,,,,,,,,,,,,,,,,,,,,,,,,,,,,,,,,,,,,,,,,,,,,,,,,,,,,,,,,,,,,,,,,,,,,,,,,,,,,,,,,,,,,,,,,,,,,,,,,,,,,,,,,,,,,,,,,,,,,,,,
S/RES/1769,UNAMID,Sudan,2007,31/07/2007,0,0,0,1,1,,,,1,,,,,,,1,1,1,,9,,,,,,"1, 15a(ii)",,,1,,,,1,,,,1,,,1,1,,,,,,,,,,,,1,,,,,,,,1,,,,,1,,,1,,,,,,,,1,,,,,,,,,,,,1,,,,,,,,,,,,,,,,,,,,,,,,,,,,1,,,,,,,,,,,,,1,,,1,"1, 15a(i)",,,,,,,1,1,,,1,,,,1,,,1,15a(i),,,,1,,,,,,,15a
S/RES/1784,UNMIS,Sudan,2007,31/10/2007,1,1,0,,,,"8, 9",,,,9,,,,,,,,,,,,,,,,,,,,,,,,,,,,,,,,,,8,,,,,,,,,,,,,,,,,,,,,,,,,,,,,,,,7,,,,,,,,,,,,,,10,,,,,,,,,,,,11,,,,,,,,,,,,,,,,11,,,,,,,,,,,,,,,,,,,,,,,,,,,,11,,,,,,,,,,,,,,,,,
S/RES/1812,UNMIS,Sudan,2008,30/04/2008,1,1,0,,11,,10,,11,,,,,,,,,,,,,,,,,,,,,,,,11,,,,,,,,,,13,,9,,,,,,,,,,,,,,,,,,13,,,,,,,,,,,,,,8,,,,,,,,,,,,,,15,,,,,,,,,,,,16,,,,,,,,,,,,,,,,16,,,,,,,,20,,21,,,,21,,,,,,,,18,18,,,,,16,,,,,,,,,,,,,,,,,
S/RES/1828,UNAMID,Sudan,2008,31/07/2008,1,0,0,,,,,,,,,,,,,,,,,,,,,,,,,,,,,,,,,,,,,,,,,,,,,,,,,,,,,,,,,,,,,,,,,,,,,,,,,,,,,,,,,,,,,,,,,,,,,,,,,,,,,,,,,,,,,,,,,,,,,,,,,,,,,,,,,,,,,,,,,,,,,,,,,,,,,,,,,,,,,,,,,
S/RES/1870,UNMIS,Sudan,2009,20/05/2009,1,1,0,,"20, 22",,,22,22,,,,,,,,,,,,,,,,,14,7,,,,,,22,,,,,,,,,,19,,18,,,,,,,,,,,,,,,,,,19,,,,,,,,,,,,,,17,,,,,,,,11,,,,11,,,,,,,,,,,,,,,,,,,,,,,,,,,,,,15,,,,15,,,,16,,,,,,,14,,,,,,,23,"14, 23",,,,,,,,,,,,,,,,,,,,,,
S/RES/1881,UNAMID,Sudan,2009,30/07/2009,1,1,0,,,,,,,,,,,,,,,,,,,,,,,,,,,,,,,,,,14,,,,,,,,,,,,,,,,,,,,,,,,,,,,,,,,,,,,,,,,,,,,,,,,,,,,11,,,,,,,,,,,,,,,,,,,,,,,,,,,,,,,,,,,,,,,,,,,,,,,,,,,,,,,,,,,,,,,,,,,,,,8,,,,,
S/RES/1919,UNMIS,Sudan,2010,29/04/2010,1,1,0,,19,,18,19,19,,18,,,,15,,,,,,,,,,,,6,,,,,,19,,,,,,,,,,17,,,,,,,,,,,,,,,,,,,,17,,,,,,,,,,,,,,"9, 16",,,,,,,,7,,,,"7, 9",,,,,,,,,,,,,,,,,,,,,,,,,,,,,,,,,,15,,,,14,,,,,,,,,,,,,,20,20,,,,,,,,,,,,,,,,,,,,,,
S/RES/1935,UNAMID,Sudan,2010,30/07/2010,1,1,0,,,,,,,,,,,,,,,,,17,,,,,,,,,,,,18,,,,18,,,,,,,,,,,,,,,,,,,,,,,,,,,,,14,,,,,,,,,,,,,,,,,,,,,,,,,,,,,,,,,,,,,,,,,,,,,,,,,,,,,,,,17,,,,,,,,,16,16,,,,,,,,,,,,,,,,,,,,,,,,,,,,,,,,,
S/RES/1978,UNMIS,Sudan,2011,27/04/2011,1,0,0,,,,,,,,,,,,,,,,,,,,,,,,,,,,,,,,,,,,,,,,,,,,,,,,,,,,,,,,,,,,,,,,,,,,,,,,,,,,,,,,,,,,,,,,,,,,,,,,,,,,,,,,,,,,,,,,,,,,,,,,,,,,,,,,,,,,,,,,,,,,,,,,,,,,,,,,,,,,,,,,,
S/RES/1997,UNMIS,Sudan,2011,11/07/2011,1,0,0,,,,,,,,,,,,,,,,,,,,,,,,,,,,,,,,,,,,,,,,,,,,,,,,,,,,,,,,,,,,,,,,,,,,,,,,,,,,,,,,,,,,,,,,,,,,,,,,,,,,,,,,,,,,,,,,,,,,,,,,,,,,,,,,,,,,,,,,,,,,,,,,,,,,,,,,,,,,,,,,,
S/RES/2003,UNAMID,Sudan,2011,29/07/2011,1,1,0,,,,,,,,,21,,,,,,,,,,,,,5,3a,,16,,,,,,,22,22,22,,22,,,,,,,,,,,,,,,,,,,,,,,,,,,,,,,,,,,,,,,,,,,,,,,,,,,,,,,,,,,,,,,,,,,,,,13,,,,,,,,,,,,21,,,,,,,,,,,,,"3b, 5",,,,,,,,3a,,,,,,,,,,14,,,,,,,,,,,,5
S/RES/2063,UNAMID,Sudan,2012,31/07/2012,1,1,0,,6,,,,6,,,,,,,,,,,,,,,,,,,,,,,,,,,,,,,,6,,,,,,,,,,,,6,,,,,,,,6,,,,,,,,,,,,,,,,,,,,,,,,,,,,,,,,,,,,,,,,,,,,,,,,,,,,,,,8,8,,,,,,,,,,,,,,,,,,,,,,,,,,,,21,,,,,,,,,,,,,,,,,,,
S/RES/2113,UNAMID,Sudan,2013,30/07/2013,1,0,0,,,,,,,,,,,,,,,,,,,,,,,,,,,,,,,,,,,,,,,,,,,,,,,,,,,,,,,,,,,,,,,,,,,,,,,,,,,,,,,,,,,,,,,,,,,,,,,,,,,,,,,,,,,,,,,,,,,,,,,,,,,,,,,,,,,,,,,,,,,,,,,,,,,,,,,,,,,,,,,,,
S/RES/2148,UNAMID,Sudan,2014,03/04/2014,1,0,0,,,,,,,,,,,,,,,,,,,,,,,,,,,,,,,,,,,,,,,,,,,,,,,,,,,,,,,,,,,,,,,,,,,,,,,,,,,,,,,,,,,,,,,,,,,,,,,,,,,,,,,,,,,,,,,,,,,,,,,,,,,,,,,,,,,,,,,,,,,,,,,,,,,,,,,,,,,,,,,,,
S/RES/2173,UNAMID,Sudan,2014,27/07/2014,1,0,1,2,2,,,,2,,,,,,,,,,,2,2,,,,,"2, 5",14,20,"2, 19",,,20,2,8,,24,"2, 24",,,2,"2, 8",,,,,,,,,,,,2,,,,,,,,2,,,,,,,,2,,,,,,,,2,,,,,,,,,,,,,,,,,,,,,,,,13,,,,,,,,,,,,,,,12,"2, 5, 12",,,,"5, 13",,,,,,,,,2,,,"2, 5, 8","2, 5, 8",,,,,,,2,"2, 8",,,2,,,,2,,,,,,,,"2, 5",,,,,,,"2, 9, 15"
S/RES/2228,UNAMID,Sudan,2015,29/06/2015,1,0,1,3,3,,,,3,,,,12,,,,,,,3,3,,,,,"3, 4",14,19,"3, 18",,,19,3,8,,24,24,,,,8,,,,,,,,,,,,,,,,,,,,,,,,,,,,3,,,,,,,,3,,,,,,,,,,,,,,,,,,,,,,,,11,,,,,,,,,,,,,,,10,"3, 4, 10",,,,"4, 11",,,,,,,,,3,,,"3, 4, 8","3, 4, 8",,,,,,,3,"3, 8",,24,24,,,,,,,,,,,,"3, 4",,,,,,,"3, 14"
S/RES/2296,UNAMID,Sudan,2016,29/06/2016,1,0,1,,,,,,,,,,,,,,,,,3,16,,,,,"3, 4",,24,"3, 24",,,24,24,,,"24, 30","3, 24",,,,,,,,,,,,,,,,,,,,,,,,,,,,,,,,3,,,,,,,,3,,,,,,,,,,,,,,,,,,,,,,,,15,,,,,,,,,,,,,,,14,"3, 14",,,,15,,,,,,,,,3,,,3,3,,,,,,,3,"3, 4",,24,24,,,,,,,,,,,,3,,,,,,,"5, 18"
S/RES/2363,UNAMID,Sudan,2017,29/06/2017,1,0,1,,,,,,,,,,30,,,,,,,30,,,,15a(ii),,"10a, 15a, 15a(i), 15a(iii)",,"15a(vii), 15a(x)","15a(vii), 15a(ix), 15a(xi)",,,15a(x),"15a(ix), 15a(xi)",15a(i),,27,"15b(v), 27",,,,15a(iv),,,,,,,,,,,,15b(iv),,,,15a(vii),,,,,,,,,,,,15a(vi),,,,,,,,15a(viii),,,,,,,,,,,,,,,,,,,,,,,,"10c, 15c(i)",,,,,,,,,,,,,,,,"10b, 15b(iv)",,,,"10c, 15a(vii), 15a(viii), 15c(i), 15c(iv)",,,,,,,,15c(iii),,,,"10a, 15a, 15a(xii), 15a(xiii)","10a, 15a, 15a(xiii)",,,,,,,"15a(vii), 15b(iv)","15a(i), 15a(v)",,27,"15a(i), 15b(v), 27",,,,15c(ii),,,,,,,,"10b, 15b(i)",,,,,,,14